3.608224830031759e-16,0.0
0.25000000000000033,0.0
0.5000000000000003,0.0
0.7500000000000003,0.0
1.0000000000000004,0.0
1.2500000000000004,0.0
1.5000000000000004,0.0
1.7500000000000007,0.0
2.0000000000000004,0.0
2.2500000000000004,0.0
2.2500000000000004,0.0
2.5000000000000004,0.0
2.7500000000000004,0.0
3.0000000000000004,0.0
3.2500000000000004,0.0
3.7500000000000004,0.0
4.0,0.0
4.25,0.0
4.5,0.0
4.75,0.0
5.0,0.0
5.25,0.0
5.5,0.0
5.75,0.0
6.0,0.0
6.25,0.0
6.5,0.0
6.75,0.0
7.000000000000001,0.0
7.249999999999999,0.0
7.5,0.0
7.75,0.0
8.0,0.0
8.25,0.0
8.5,0.0
8.75,0.0
9.0,0.0
9.25,0.0
9.5,0.0
9.75,0.0
10.0,0.0
10.25,0.0
10.5,0.0
10.75,0.0
11.0,0.0
11.25,0.0
11.5,0.0
11.75,0.0
12.0,0.0
12.25,0.0
12.5,0.0
12.75,0.0
13.0,0.0
13.25,0.0
13.5,0.0
13.750000000000002,0.0
14.000000000000002,0.0
14.250000000000002,0.0
14.499999999999998,0.0
14.749999999999998,0.0
15.0,0.0
15.25,0.0
15.5,0.0
15.75,0.0
16.0,0.0
16.25,0.0
16.5,0.0
16.75,0.0
17.0,0.0
17.25,0.0
17.5,0.0
17.75,0.0
18.0,0.0
18.25,0.0
18.5,0.0
18.75,0.0
19.0,0.0
19.25,0.0
19.5,0.0
19.75,0.0
20.0,0.0
20.25,0.0
20.5,0.0
20.75,0.0
21.0,0.0
21.25,0.0
21.5,0.0
21.75,0.0
22.0,0.0
22.25,0.0
22.5,0.0
22.75,0.0
23.0,0.0
23.25,0.0
23.5,0.0
23.75,0.0
23.999999999999996,0.0
24.25,0.0
24.5,0.0
24.75,0.0
24.999999999999996,0.0
25.249999999999996,0.0
25.499999999999996,0.0
25.749999999999996,0.0
25.999999999999996,0.0
26.249999999999996,0.0
26.499999999999996,0.0
26.749999999999996,0.0
26.999999999999996,0.0
27.249999999999996,0.0
27.499999999999996,0.0
27.749999999999996,0.0
27.999999999999996,0.0
28.249999999999996,0.0
28.499999999999996,0.0
28.749999999999996,0.0
28.999999999999996,0.0
29.249999999999996,0.0
29.499999999999996,0.0
29.749999999999996,0.0
29.999999999999996,0.0
30.249999999999996,0.0
30.499999999999996,0.0
30.749999999999996,0.0
30.999999999999996,0.0
31.249999999999996,0.0
31.499999999999996,0.0
31.749999999999996,0.0
31.999999999999996,0.0
32.24999999999999,0.0
32.5,0.0
32.75,0.0
33.0,0.0
33.25,0.0
33.5,0.0
33.75,0.0
34.0,0.0
34.25,0.0
34.5,0.0
34.75,0.0
35.0,0.0
35.25,0.0
35.5,0.0
35.75,0.0
36.0,0.0
36.25,0.0
36.5,0.0
36.75,0.0
37.0,0.0
37.25,0.0
37.5,0.0
37.75,0.0
38.0,0.0
38.25,0.0
38.5,0.0
38.75,0.0
39.0,0.0
39.25,0.0
39.49999999999999,0.0
39.74999999999999,0.0
40.0,0.0
40.25,0.0
40.5,0.0
40.75,0.0
41.0,0.0
41.25,0.0
41.5,0.0
41.75,0.0
42.0,0.0
42.25,0.0
42.5,0.0
42.75,0.0
43.0,0.0
43.25,0.0
43.5,0.0
43.75,0.0
44.0,0.0
44.25,0.0
44.5,0.0
44.75,0.0
45.0,0.0
45.25,0.0
45.5,0.0
45.75,0.0
46.0,0.0
46.25,0.0
46.5,0.0
46.75,0.0
47.0,0.0
47.25,0.0
47.5,0.0
47.75,0.0
48.0,0.0
48.25,0.0
48.5,0.0
48.75,0.0
49.0,0.0
49.25,0.0
49.5,0.0
49.75,0.0
50.0,0.0
50.25,0.0
50.5,0.0
50.75,0.0
51.0,0.0
51.25,0.0
51.5,0.0
51.5,0.0
51.75,0.0
52.0,0.0
52.25,0.0
52.5,0.0
52.75,0.0
53.0,0.0
53.25,0.0
53.5,0.0
53.75,0.0
54.0,0.0
54.25,0.0
54.5,0.0
54.75,0.0
55.0,0.0
55.25,0.0
55.5,0.0
55.75,0.0
56.0,0.0
56.25,0.0
56.5,0.0
56.75,0.0
57.0,0.0
57.25,0.0
57.5,0.0
57.75,0.0
58.0,0.0
58.25,0.0
58.5,0.0
58.75,0.0
59.0,0.0
59.25,0.0
59.5,0.0
59.75,0.0
60.0,0.0
60.25,0.0
60.5,0.0
60.75,0.0
61.0,0.0
61.25,0.0
61.5,0.0
61.75,0.0
62.0,0.0
62.25,0.0
62.5,0.0
62.75,0.0
63.0,0.0
63.25,0.0
63.5,0.0
63.75,0.0
64.0,0.0
64.25,0.0
64.5,0.0
64.75,0.0
65.0,0.0
65.25,0.0
65.5,0.0
65.75,0.0
66.0,0.0
66.25,0.0
66.5,0.0
66.75,0.0
67.0,0.0
67.25,0.0
67.5,0.0
67.75,0.0
68.0,0.0
68.25,0.0
68.5,0.0
68.75,0.0
69.0,0.0
69.25,0.0
69.5,0.0
69.75,0.0
70.0,0.0
70.25,0.0
70.5,0.0
70.75,0.0
71.0,0.0
71.25,0.0
71.5,0.0
71.75,0.0
72.0,0.0
72.25,0.0
72.5,0.0
72.75,0.0
73.0,0.0
73.25,0.0
73.5,0.0
73.75,0.0
74.0,0.0
74.25,0.0
74.5,0.0
74.75,0.0
75.0,0.0
75.25,0.0
75.5,0.0
75.75,0.0
76.0,0.0
76.25,0.0
76.5,0.0
76.75,0.0
77.0,0.0
77.25,0.0
77.5,0.0
77.75,0.0
78.0,0.0
78.25,0.0
78.5,0.0
78.75,0.0
79.0,0.0
79.25,0.0
79.5,0.0
79.75,0.0
80.0,0.0
80.25,0.0
80.5,0.0
80.75,0.0
81.0,0.0
81.25,0.0
81.5,0.0
81.75,0.0
82.0,0.0
82.25,0.0
82.5,0.0
82.75,0.0
83.0,0.0
83.25,0.0
83.5,0.0
83.75,0.0
84.0,0.0
84.25,0.0
84.5,0.0
84.75,0.0
85.0,0.0
85.25,0.0
85.5,0.0
85.75,0.0
86.0,0.0
86.25,0.0
86.5,0.0
86.75,0.0
87.0,0.0
87.25,0.0
87.5,0.0
87.75,0.0
88.0,0.0
88.25,0.0
88.5,0.0
88.75,0.0
89.0,0.0
89.25,0.0
89.5,0.0
89.75,0.0
90.0,0.0
90.25,0.0
90.5,0.0
90.75,0.0
91.0,0.0
91.25,0.0
91.5,0.0
91.75,0.0
92.0,0.0
92.25,0.0
92.5,0.0
92.75,0.0
93.0,0.0
93.25,0.0
93.5,0.0
93.75,0.0
94.0,0.0
94.25,0.0
94.5,0.0
94.75,0.0
95.0,0.0
95.25,0.0
95.5,0.0
95.75,0.0
96.0,0.0
96.25,0.0
96.5,0.0
96.75,0.0
97.0,0.0
97.25,0.0
97.5,0.0
97.75,0.0
98.0,0.0
98.25,0.0
98.5,0.0
98.75,0.0
99.0,0.0
99.25,0.0
99.5,0.0
99.75,0.0
99.99999999999999,0.0
100.24999999999999,0.0
100.49999999999999,0.0
100.74999999999999,0.0
100.99999999999999,0.0
101.24999999999999,0.0
101.49999999999999,0.0
101.74999999999999,0.0
101.99999999999999,0.0
102.24999999999999,0.0
102.49999999999999,0.0
102.74999999999999,0.0
102.99999999999999,0.0
103.24999999999999,0.0
103.49999999999999,0.0
103.74999999999999,0.0
103.99999999999999,0.0
104.24999999999999,0.0
104.49999999999999,0.0
104.74999999999999,0.0
104.99999999999999,0.0
105.24999999999999,0.0
105.49999999999999,0.0
105.74999999999999,0.0
105.99999999999999,0.0
106.24999999999999,0.0
106.49999999999999,0.0
106.74999999999999,0.0
106.99999999999999,0.0
107.24999999999999,0.0
107.49999999999999,0.0
107.74999999999999,0.0
107.99999999999999,0.0
108.24999999999999,0.0
108.49999999999999,0.0
108.74999999999999,0.0
108.99999999999999,0.0
109.24999999999999,0.0
109.49999999999999,0.0
109.74999999999999,0.0
109.99999999999999,0.0
110.24999999999999,0.0
110.49999999999999,0.0
110.74999999999999,0.0
110.99999999999999,0.0
111.24999999999999,0.0
111.49999999999999,0.0
111.74999999999999,0.0
111.99999999999999,0.0
112.24999999999999,0.0
112.49999999999999,0.0
112.74999999999999,0.0
112.99999999999999,0.0
113.24999999999999,0.0
113.49999999999999,0.0
113.74999999999999,0.0
113.99999999999999,0.0
114.24999999999999,0.0
114.49999999999999,0.0
114.74999999999999,0.0
114.99999999999999,0.0
115.24999999999999,0.0
115.49999999999999,0.0
115.74999999999999,0.0
115.99999999999999,0.0
116.24999999999999,0.0
116.49999999999999,0.0
116.74999999999999,0.0
116.99999999999999,0.0
117.24999999999999,0.0
117.49999999999999,0.0
117.74999999999999,0.0
117.99999999999999,0.0
118.24999999999999,0.0
118.49999999999999,0.0
118.74999999999999,0.0
118.99999999999999,0.0
119.24999999999999,0.0
119.49999999999999,0.0
119.74999999999999,0.0
119.99999999999999,0.0
120.24999999999999,0.0
120.49999999999999,0.0
120.74999999999999,0.0
120.99999999999999,0.0
121.24999999999999,0.0
121.49999999999999,0.0
121.74999999999999,0.0
121.99999999999999,0.0
122.24999999999999,0.0
122.49999999999999,0.0
122.74999999999999,0.0
122.99999999999999,0.0
123.24999999999999,0.0
123.49999999999999,0.0
123.74999999999999,0.0
123.99999999999999,0.0
124.24999999999999,0.0
124.49999999999999,0.0
124.74999999999999,0.0
125.0,0.0
125.25,0.0
125.5,0.0
125.75,0.0
126.0,0.0
126.25,0.0
126.5,0.0
126.75,0.0
127.0,0.0
127.25,0.0
127.5,0.0
127.75,0.0
128.0,0.0
128.25,0.0
128.5,0.0
128.75,0.0
129.0,0.0
129.25,0.0
129.5,0.0
129.75,0.0
130.0,0.0
130.25,0.0
130.5,0.0
130.75,0.0
131.0,0.0
131.25,0.0
131.5,0.0
131.75,0.0
132.0,0.0
132.25,0.0
132.5,0.0
132.75,0.0
133.0,0.0
133.25,0.0
133.5,0.0
133.75,0.0
134.0,0.0
134.25,0.0
134.5,0.0
134.75,0.0
135.0,0.0
135.25,0.0
135.5,0.0
135.75,0.0
136.0,0.0
136.25,0.0
136.5,0.0
136.75,0.0
137.0,0.0
137.25,0.0
137.5,0.0
137.75,0.0
138.0,0.0
138.25,0.0
138.5,0.0
138.75,0.0
139.0,0.0
139.25,0.0
139.5,0.0
139.75,0.0
140.0,0.0
140.25,0.0
140.5,0.0
140.75,0.0
141.0,0.0
141.25,0.0
141.5,0.0
141.75,0.0
142.0,0.0
142.25,0.0
142.5,0.0
142.75,0.0
143.0,0.0
143.25,0.0
143.5,0.0
143.75,0.0
144.0,0.0
144.25,0.0
144.5,0.0
144.75,0.0
145.0,0.0
145.25,0.0
145.5,0.0
145.75,0.0
146.0,0.0
146.25,0.0
146.5,0.0
146.75,0.0
147.0,0.0
147.25,0.0
147.5,0.0
147.75,0.0
148.0,0.0
148.25,0.0
148.5,0.0
148.75,0.0
149.0,0.0
149.25,0.0
149.5,0.0
149.75,0.0
150.0,0.0
150.25,0.0
150.5,0.0
150.75,0.0
151.0,0.0
151.25,0.0
151.5,0.0
151.75,0.0
152.0,0.0
152.25,0.0
152.5,0.0
152.75,0.0
153.0,0.0
153.25,0.0
153.5,0.0
153.75,0.0
154.0,0.0
154.25,0.0
154.5,0.0
154.75,0.0
155.0,0.0
155.25,0.0
155.5,0.0
155.75,0.0
156.0,0.0
156.25,0.0
156.5,0.0
156.75,0.0
157.0,0.0
157.25,0.0
157.5,0.0
157.75,0.0
158.0,0.0
158.25,0.0
158.5,0.0
158.75,0.0
159.0,0.0
159.25,0.0
159.5,0.0
159.75,0.0
160.0,0.0
160.25,0.0
160.5,0.0
160.75,0.0
161.0,0.0
161.25,0.0
161.5,0.0
161.75,0.0
162.0,0.0
162.25,0.0
162.5,0.0
162.75,0.0
163.0,0.0
163.25,0.0
163.5,0.0
163.75,0.0
164.0,0.0
164.25,0.0
164.5,0.0
164.75,0.0
165.0,0.0
165.25,0.0
165.5,0.0
165.75,0.0
166.0,0.0
166.25,0.0
166.5,0.0
166.75,0.0
167.0,0.0
167.25,0.0
167.5,0.0
167.75,0.0
168.0,0.0
168.25,0.0
168.5,0.0
168.75,0.0
169.0,0.0
169.25,0.0
169.5,0.0
169.75,0.0
170.0,0.0
170.25,0.0
170.5,0.0
170.75,0.0
171.0,0.0
171.25,0.0
171.5,0.0
171.75,0.0
172.0,0.0
172.25,0.0
172.5,0.0
172.75,0.0
173.0,0.0
173.25,0.0
173.5,0.0
173.75,0.0
174.0,0.0
174.25,0.0
174.5,0.0
174.75,0.0
175.0,0.0
175.25,0.0
175.5,0.0
175.75,0.0
176.0,0.0
176.25,0.0
176.5,0.0
176.75,0.0
177.0,0.0
177.25,0.0
177.5,0.0
177.75,0.0
178.0,0.0
178.25,0.0
178.5,0.0
178.75,0.0
179.0,0.0
179.25,0.0
179.5,0.0
179.75,0.0
180.0,0.0
180.25,0.0
180.5,0.0
180.75,0.0
181.0,0.0
181.25,0.0
181.5,0.0
181.75,0.0
182.0,0.0
182.25,0.0
182.5,0.0
182.75,0.0
183.0,0.0
183.25,0.0
183.5,0.0
183.75,0.0
184.0,0.0
184.25,0.0
184.5,0.0
184.75,0.0
185.0,0.0
185.25,0.0
185.5,0.0
185.75,0.0
186.0,0.0
186.25,0.0
186.5,0.0
186.75,0.0
187.0,0.0
187.25,0.0
187.5,0.0
187.75,0.0
188.0,0.0
188.25,0.0
188.5,0.0
188.75,0.0
189.0,0.0
189.25,0.0
189.5,0.0
189.75,0.0
190.0,0.0
190.25,0.0
190.5,0.0
190.75,0.0
191.0,0.0
191.25,0.0
191.5,0.0
191.75,0.0
192.0,0.0
192.25,0.0
192.5,0.0
192.75,0.0
193.0,0.0
193.25,0.0
193.5,0.0
193.75,0.0
194.0,0.0
194.25,0.0
194.5,0.0
194.75,0.0
195.0,0.0
195.25,0.0
195.5,0.0
195.75,0.0
196.0,0.0
196.25,0.0
196.5,0.0
196.75,0.0
197.0,0.0
197.25,0.0
197.5,0.0
197.75,0.0
198.0,0.0
198.25,0.0
198.5,0.0
198.75,0.0
199.0,0.0
199.25,0.0
199.5,0.0
199.75,0.0
200.0,0.0
200.25,0.0
200.5,0.0
200.75,0.0
201.0,0.0
201.25,0.0
201.5,0.0
201.75,0.0
202.0,0.0
202.25,0.0
202.5,0.0
202.75,0.0
203.0,0.0
203.25,0.0
203.5,0.0
203.75,0.0
204.0,0.0
204.25,0.0
204.5,0.0
204.75,0.0
205.0,0.0
205.25,0.0
205.5,0.0
205.75,0.0
206.0,0.0
206.25,0.0
206.5,0.0
206.75,0.0
207.0,0.0
207.25,0.0
207.5,0.0
207.75,0.0
208.0,0.0
208.25,0.0
208.5,0.0
208.75,0.0
209.0,0.0
209.25,0.0
209.5,0.0
209.75,0.0
210.0,0.0
210.25,0.0
210.5,0.0
210.75,0.0
211.0,0.0
211.25,0.0
211.5,0.0
211.75,0.0
212.0,0.0
212.25,0.0
212.5,0.0
212.75,0.0
213.0,0.0
213.25,0.0
213.5,0.0
213.75,0.0
214.0,0.0
214.25,0.0
214.5,0.0
214.75,0.0
215.0,0.0
215.25,0.0
215.5,0.0
215.75,0.0
216.0,0.0
216.25,0.0
216.5,0.0
216.75,0.0
217.0,0.0
217.25,0.0
217.5,0.0
217.75,0.0
218.0,0.0
218.25,0.0
218.5,0.0
218.75,0.0
219.0,0.0
219.25,0.0
219.5,0.0
219.75,0.0
220.0,0.0
220.25,0.0
220.5,0.0
220.75,0.0
221.0,0.0
221.25,0.0
221.5,0.0
221.75,0.0
222.0,0.0
222.25,0.0
222.5,0.0
222.75,0.0
223.0,0.0
223.25,0.0
223.5,0.0
223.75,0.0
224.0,0.0
224.25,0.0
224.5,0.0
224.75,0.0
224.99999999999997,0.0
225.24999999999997,0.0
225.49999999999997,0.0
225.74999999999997,0.0
225.99999999999997,0.0
226.24999999999997,0.0
226.49999999999997,0.0
226.74999999999997,0.0
226.99999999999997,0.0
227.24999999999997,0.0
227.49999999999997,0.0
227.74999999999997,0.0
227.99999999999997,0.0
228.24999999999997,0.0
228.49999999999997,0.0
228.74999999999997,0.0
228.99999999999997,0.0
229.24999999999997,0.0
229.49999999999997,0.0
229.74999999999997,0.0
229.99999999999997,0.0
230.24999999999997,0.0
230.49999999999997,0.0
230.74999999999997,0.0
230.99999999999997,0.0
231.24999999999997,0.0
231.49999999999997,0.0
231.74999999999997,0.0
231.99999999999997,0.0
232.24999999999997,0.0
232.49999999999997,0.0
232.74999999999997,0.0
232.99999999999997,0.0
233.24999999999997,0.0
233.49999999999997,0.0
233.74999999999997,0.0
233.99999999999997,0.0
234.24999999999997,0.0
234.49999999999997,0.0
234.74999999999997,0.0
234.99999999999997,0.0
235.24999999999997,0.0
235.49999999999997,0.0
235.74999999999997,0.0
235.99999999999997,0.0
236.24999999999997,0.0
236.49999999999997,0.0
236.74999999999997,0.0
236.99999999999997,0.0
237.24999999999997,0.0
237.49999999999997,0.0
237.74999999999997,0.0
237.99999999999997,0.0
238.24999999999997,0.0
238.49999999999997,0.0
238.74999999999997,0.0
238.99999999999997,0.0
239.24999999999997,0.0
239.49999999999997,0.0
239.74999999999997,0.0
239.99999999999997,0.0
240.24999999999997,0.0
240.49999999999997,0.0
240.74999999999997,0.0
240.99999999999997,0.0
241.24999999999997,0.0
241.49999999999997,0.0
241.74999999999997,0.0
241.99999999999997,0.0
242.24999999999997,0.0
242.49999999999997,0.0
242.74999999999997,0.0
242.99999999999997,0.0
243.24999999999997,0.0
243.49999999999997,0.0
243.74999999999997,0.0
243.99999999999997,0.0
244.24999999999997,0.0
244.49999999999997,0.0
244.74999999999997,0.0
244.99999999999997,0.0
245.24999999999997,0.0
245.49999999999997,0.0
245.74999999999997,0.0
245.99999999999997,0.0
246.24999999999997,0.0
246.49999999999997,0.0
246.74999999999997,0.0
246.99999999999997,0.0
247.24999999999997,0.0
247.49999999999997,0.0
247.74999999999997,0.0
247.99999999999997,0.0
248.24999999999997,0.0
248.49999999999997,0.0
248.74999999999997,0.0
248.99999999999997,0.0
249.24999999999997,0.0
249.49999999999997,0.0
249.74999999999997,0.0
250.0,0.0
250.25,0.0
250.5,0.0
250.75,0.0
251.0,0.0
251.25,0.0
251.5,0.0
251.75,0.0
252.0,0.0
252.25,0.0
252.5,0.0
252.75,0.0
253.0,0.0
253.25,0.0
253.5,0.0
253.75,0.0
254.0,0.0
254.25,0.0
254.5,0.0
254.75,0.0
255.0,0.0
255.25,0.0
255.5,0.0
255.75,0.0
256.0,0.0
256.25,0.0
256.5,0.0
256.75,0.0
257.0,0.0
257.25,0.0
257.5,0.0
257.75,0.0
258.0,0.0
258.25,0.0
258.5,0.0
258.75,0.0
259.0,0.0
259.25,0.0
259.5,0.0
259.75,0.0
260.0,0.0
260.25,0.0
260.5,0.0
260.75,0.0
261.0,0.0
261.25,0.0
261.5,0.0
261.75,0.0
262.0,0.0
262.25,0.0
262.5,0.0
262.75,0.0
263.0,0.0
263.25,0.0
263.5,0.0
263.75,0.0
264.0,0.0
264.25,0.0
264.5,0.0
264.75,0.0
265.0,0.0
265.25,0.0
265.5,0.0
265.75,0.0
266.0,0.0
266.25,0.0
266.5,0.0
266.75,0.0
267.0,0.0
267.25,0.0
267.5,0.0
267.75,0.0
268.0,0.0
268.25,0.0
268.5,0.0
268.75,0.0
269.0,0.0
269.25,0.0
269.5,0.0
269.75,0.0
270.0,0.0
270.25,0.0
270.5,0.0
270.75,0.0
271.0,0.0
271.25,0.0
271.5,0.0
271.75,0.0
272.0,0.0
272.25,0.0
272.5,0.0
272.75,0.0
273.0,0.0
273.25,0.0
273.5,0.0
273.75,0.0
274.0,0.0
274.25,0.0
274.5,0.0
274.75,0.0
275.0,0.0
275.25,0.0
275.5,0.0
275.75,0.0
276.0,0.0
276.25,0.0
276.5,0.0
276.75,0.0
277.0,0.0
277.25,0.0
277.5,0.0
277.75,0.0
278.0,0.0
278.25,0.0
278.5,0.0
278.75,0.0
279.0,0.0
279.25,0.0
279.5,0.0
279.75,0.0
280.0,0.0
280.25,0.0
280.5,0.0
280.75,0.0
281.0,0.0
281.25,0.0
281.5,0.0
281.75,0.0
282.0,0.0
282.25,0.0
282.5,0.0
282.75,0.0
283.0,0.0
283.25,0.0
283.5,0.0
283.75,0.0
284.0,0.0
284.25,0.0
284.5,0.0
284.75,0.0
285.0,0.0
285.25,0.0
285.5,0.0
285.75,0.0
286.0,0.0
286.25,0.0
286.5,0.0
286.75,0.0
287.0,0.0
287.25,0.0
287.5,0.0
287.75,0.0
288.0,0.0
288.25,0.0
288.5,0.0
288.75,0.0
289.0,0.0
289.25,0.0
289.5,0.0
289.75,0.0
290.0,0.0
290.25,0.0
290.5,0.0
290.75,0.0
291.0,0.0
291.25,0.0
291.5,0.0
291.75,0.0
292.0,0.0
292.25,0.0
292.5,0.0
292.75,0.0
293.0,0.0
293.25,0.0
293.5,0.0
293.75,0.0
294.0,0.0
294.25,0.0
294.5,0.0
294.75,0.0
295.0,0.0
295.25,0.0
295.5,0.0
295.75,0.0
296.0,0.0
296.25,0.0
296.5,0.0
296.75,0.0
297.0,0.0
297.25,0.0
297.5,0.0
297.75,0.0
298.0,0.0
298.25,0.0
298.5,0.0
298.75,0.0
299.0,0.0
299.25,0.0
299.5,0.0
299.75,0.0
300.0,0.0
300.25,0.0
300.5,0.0
300.75,0.0
301.0,0.0
301.25,0.0
301.5,0.0
301.75,0.0
302.0,0.0
302.25,0.0
302.5,0.0
302.75,0.0
303.0,0.0
303.25,0.0
303.5,0.0
303.75,0.0
304.0,0.0
304.25,0.0
304.5,0.0
304.75,0.0
305.0,0.0
305.25,0.0
305.5,0.0
305.75,0.0
306.0,0.0
306.25,0.0
306.5,0.0
306.75,0.0
307.0,0.0
307.25,0.0
307.5,0.0
307.75,0.0
308.0,0.0
308.25,0.0
308.5,0.0
308.75,0.0
309.0,0.0
309.25,0.0
309.5,0.0
309.75,0.0
310.0,0.0
310.25,0.0
310.5,0.0
310.75,0.0
311.0,0.0
311.25,0.0
311.5,0.0
311.75,0.0
312.0,0.0
312.25,0.0
312.5,0.0
312.75,0.0
313.0,0.0
313.25,0.0
313.5,0.0
313.75,0.0
314.0,0.0
314.25,0.0
314.5,0.0
314.75,0.0
315.0,0.0
315.25,0.0
315.5,0.0
315.75,0.0
316.0,0.0
316.25,0.0
316.5,0.0
316.75,0.0
317.0,0.0
317.25,0.0
317.5,0.0
317.75,0.0
318.0,0.0
318.25,0.0
318.5,0.0
318.75,0.0
319.0,0.0
319.25,0.0
319.5,0.0
319.75,0.0
320.0,0.0
320.25,0.0
320.5,0.0
320.75,0.0
321.0,0.0
321.25,0.0
321.5,0.0
321.75,0.0
322.0,0.0
322.25,0.0
322.5,0.0
322.75,0.0
323.0,0.0
323.25,0.0
323.5,0.0
323.75,0.0
324.0,0.0
324.25,0.0
324.5,0.0
324.75,0.0
324.99999999999994,0.0
325.24999999999994,0.0
325.49999999999994,0.0
325.74999999999994,0.0
325.99999999999994,0.0
326.24999999999994,0.0
326.49999999999994,0.0
326.74999999999994,0.0
326.99999999999994,0.0
327.24999999999994,0.0
327.49999999999994,0.0
327.74999999999994,0.0
327.99999999999994,0.0
328.24999999999994,0.0
328.49999999999994,0.0
328.74999999999994,0.0
328.99999999999994,0.0
329.24999999999994,0.0
329.49999999999994,0.0
329.74999999999994,0.0
329.99999999999994,0.0
330.24999999999994,0.0
330.49999999999994,0.0
330.74999999999994,0.0
330.99999999999994,0.0
331.24999999999994,0.0
331.49999999999994,0.0
331.74999999999994,0.0
331.99999999999994,0.0
332.24999999999994,0.0
332.49999999999994,0.0
332.74999999999994,0.0
332.99999999999994,0.0
333.24999999999994,0.0
333.49999999999994,0.0
333.74999999999994,0.0
333.99999999999994,0.0
334.24999999999994,0.0
334.49999999999994,0.0
334.74999999999994,0.0
334.99999999999994,0.0
335.24999999999994,0.0
335.49999999999994,0.0
335.74999999999994,0.0
335.99999999999994,0.0
336.24999999999994,0.0
336.49999999999994,0.0
336.74999999999994,0.0
336.99999999999994,0.0
337.24999999999994,0.0
337.49999999999994,0.0
337.74999999999994,0.0
337.99999999999994,0.0
338.24999999999994,0.0
338.49999999999994,0.0
338.74999999999994,0.0
338.99999999999994,0.0
339.24999999999994,0.0
339.49999999999994,0.0
339.74999999999994,0.0
339.99999999999994,0.0
340.24999999999994,0.0
340.49999999999994,0.0
340.74999999999994,0.0
340.99999999999994,0.0
341.24999999999994,0.0
341.49999999999994,0.0
341.74999999999994,0.0
341.99999999999994,0.0
342.24999999999994,0.0
342.49999999999994,0.0
342.74999999999994,0.0
342.99999999999994,0.0
343.24999999999994,0.0
343.49999999999994,0.0
343.74999999999994,0.0
343.99999999999994,0.0
344.24999999999994,0.0
344.49999999999994,0.0
344.74999999999994,0.0
344.99999999999994,0.0
345.24999999999994,0.0
345.49999999999994,0.0
345.74999999999994,0.0
345.99999999999994,0.0
346.24999999999994,0.0
346.49999999999994,0.0
346.74999999999994,0.0
346.99999999999994,0.0
347.24999999999994,0.0
347.49999999999994,0.0
347.74999999999994,0.0
347.99999999999994,0.0
348.24999999999994,0.0
348.49999999999994,0.0
348.74999999999994,0.0
348.99999999999994,0.0
349.24999999999994,0.0
349.49999999999994,0.0
349.74999999999994,0.0
350.0,0.0
350.25000416666666,0.0
350.5000333333333,0.0
350.7501125,0.0
351.0002666666667,0.0
351.2505208333333,0.0
351.5009,0.0
351.75142916666664,0.0
352.00213333333335,0.0
352.2530375,0.0
352.50416666666666,0.0
352.7555458333333,0.0
353.0072,0.0
353.2591541666667,0.0
353.51143333333334,0.0
353.7640625,0.0
354.01706666666666,0.0
354.2704708333333,0.0
354.5243,0.0
354.77857916666665,0.0
355.03333333333336,0.0
355.2885875,0.0
355.5443666666667,0.0
355.80069583333335,0.0
356.0576,0.0
356.3151041666667,0.0
356.57323333333335,0.0
356.8320125,0.0
357.0914666666667,0.0
357.35162083333336,0.0
357.6125,0.0
357.87412916666665,0.0
358.1365333333333,0.0
358.3997375,0.0
358.6637666666667,0.0
358.92864583333335,0.0
359.1944,0.0
359.46105416666666,0.0
359.72863333333333,0.0
359.9971625,0.0
360.26666666666665,0.0
360.53717083333333,0.0
360.8087,0.0
361.08127916666666,0.0
361.35493333333335,0.0
361.6296875,0.0
361.9055666666667,0.0
362.1825958333333,0.0
362.4608,0.0
362.7402041666667,0.0
363.0208333333333,0.0
363.3027125,0.0
363.5858666666667,0.0
363.8703208333333,0.0
364.1561,0.0
364.4432291666667,0.0
364.73173333333335,0.0
365.0216375,0.0
365.3129666666667,0.0
365.60574583333334,0.0
365.9,0.0
366.1957541666667,0.0
366.49303333333336,0.0
366.7918625,0.0
367.09226666666666,0.0
367.39427083333334,0.0
367.6979,0.0
368.00317916666665,0.0
368.31013333333334,0.0
368.6187875,0.0
368.9291666666667,0.0
369.2412958333333,0.0
369.5552,0.0
369.87090416666666,0.0
370.18843333333336,0.0
370.5078125,0.0
370.8290666666667,0.0
371.15222083333333,0.0
371.4773,0.0
371.80432916666666,0.0
372.1333333333333,0.0
372.4643375,0.0
372.7973666666667,0.0
373.13244583333335,0.0
373.4696,0.0
373.80885416666666,0.0
374.15023333333335,0.0
374.4937625,0.0
374.8394666666667,0.0
375.1873708333333,0.0
375.5375,0.0
375.8898791666667,0.0
376.2445333333333,0.0
376.6014875,0.0
376.9607666666667,0.0
377.32239583333336,0.0
377.6864,0.0
378.05280416666665,0.0
378.4216333333333,0.0
378.7929125,0.0
379.16666666666663,0.0
379.5429083333333,0.0
379.92159999999996,0.0
380.30269166666665,0.0
380.6861333333333,0.0
381.071875,0.0
381.45986666666664,0.0
381.8500583333333,0.0
382.2424,0.0
382.6368416666666,0.0
383.0333333333333,0.0
383.43182499999995,0.0
383.8322666666666,0.0
384.2346083333333,0.0
384.63879999999995,0.0
385.04479166666664,0.0
385.4525333333333,0.0
385.861975,0.0
386.27306666666664,0.0
386.6857583333333,0.0
387.09999999999997,0.0
387.5157416666666,0.0
387.93293333333327,0.0
388.351525,0.0
388.77146666666664,0.0
389.1927083333333,0.0
389.61519999999996,0.0
390.03889166666664,0.0
390.4637333333333,0.0
390.88967499999995,0.0
391.3166666666666,0.0
391.7446583333333,0.0
392.17359999999996,0.0
392.60344166666664,0.0
393.0341333333333,0.0
393.465625,0.0
393.89786666666663,0.0
394.3308083333333,0.0
394.76439999999997,0.0
395.19859166666663,0.0
395.6333333333333,0.0
396.06857499999995,0.0
396.50426666666664,0.0
396.9403583333333,0.0
397.37679999999995,0.0
397.81354166666665,0.0
398.2505333333333,0.0
398.68772499999994,0.0
399.1250666666666,0.0
399.5625083333333,0.0
399.99999999999994,0.0
400.43749166666663,0.0
400.8749333333333,0.0
401.31227499999994,0.0
401.74946666666665,0.0
402.1864583333333,0.0
402.62319999999994,0.0
403.0596416666666,0.0
403.4957333333333,0.0
403.931425,0.0
404.3666666666666,0.0
404.8014083333333,0.0
405.2356,0.0
405.6691916666666,0.0
406.1021333333333,0.0
406.53437499999995,0.0
406.9658666666666,0.0
407.3965583333333,0.0
407.8264,0.0
408.25534166666665,0.0
408.6833333333333,0.0
409.110325,0.0
409.5362666666666,0.0
409.9611083333333,0.0
410.3848,0.0
410.80729166666663,0.0
411.2285333333333,0.0
411.64847499999996,0.0
412.0670666666666,0.0
412.4842583333333,0.0
412.9,0.0
413.31424166666665,0.0
413.7269333333333,0.0
414.13802499999997,0.0
414.54746666666665,0.0
414.9552083333333,0.0
415.36119999999994,0.0
415.76539166666663,0.0
416.16773333333333,0.0
416.568175,0.0
416.96666666666664,0.0
417.36315833333333,0.0
417.75759999999997,0.0
418.1499416666666,0.0
418.5401333333333,0.0
418.92812499999997,0.0
419.3138666666666,0.0
419.6973083333333,0.0
420.0784,0.0
420.45709166666666,0.0
420.8333333333333,0.0
421.2070875,0.0
421.5783666666666,0.0
421.9471958333333,0.0
422.3136,0.0
422.67760416666664,0.0
423.0392333333333,0.0
423.3985125,0.0
423.7554666666666,0.0
424.1101208333333,0.0
424.4625,0.0
424.8126291666666,0.0
425.1605333333333,0.0
425.5062375,0.0
425.84976666666665,0.0
426.19114583333334,0.0
426.5304,0.0
426.86755416666665,0.0
427.2026333333333,0.0
427.5356625,0.0
427.8666666666667,0.0
428.19567083333334,0.0
428.5227,0.0
428.84777916666667,0.0
429.1709333333333,0.0
429.4921875,0.0
429.81156666666664,0.0
430.12909583333334,0.0
430.4448,0.0
430.75870416666663,0.0
431.0708333333333,0.0
431.3812125,0.0
431.68986666666666,0.0
431.9968208333333,0.0
432.3021,0.0
432.60572916666666,0.0
432.90773333333334,0.0
433.20813749999996,0.0
433.50696666666664,0.0
433.8042458333333,0.0
434.09999999999997,0.0
434.39425416666666,0.0
434.6870333333333,0.0
434.9783625,0.0
435.26826666666665,0.0
435.5567708333333,0.0
435.84389999999996,0.0
436.1296791666666,0.0
436.4141333333333,0.0
436.69728749999996,0.0
436.97916666666663,0.0
437.2597958333333,0.0
437.5392,0.0
437.8174041666666,0.0
438.0944333333333,0.0
438.37031249999995,0.0
438.64506666666665,0.0
438.91872083333334,0.0
439.19129999999996,0.0
439.46282916666667,0.0
439.7333333333333,0.0
440.0028375,0.0
440.27136666666667,0.0
440.5389458333333,0.0
440.80559999999997,0.0
441.07135416666665,0.0
441.3362333333333,0.0
441.6002625,0.0
441.8634666666666,0.0
442.1258708333333,0.0
442.3875,0.0
442.64837916666664,0.0
442.9085333333333,0.0
443.1679875,0.0
443.42676666666665,0.0
443.6848958333333,0.0
443.94239999999996,0.0
444.19930416666665,0.0
444.4556333333333,0.0
444.7114125,0.0
444.96666666666664,0.0
445.2214208333333,0.0
445.47569999999996,0.0
445.7295291666666,0.0
445.98293333333334,0.0
446.2359375,0.0
446.48856666666666,0.0
446.7408458333333,0.0
446.9928,0.0
447.2444541666666,0.0
447.49583333333334,0.0
447.7469625,0.0
447.99786666666665,0.0
448.2485708333333,0.0
448.4991,0.0
448.7494791666667,0.0
448.9997333333333,0.0
449.2498875,0.0
449.49996666666664,0.0
449.7499958333333,0.0
450.0,0.0
450.25,0.0
450.5,0.0
450.75,0.0
451.0,0.0
451.25,0.0
451.5,0.0
451.75,0.0
452.0,0.0
452.25,0.0
452.5,0.0
452.75,0.0
453.0,0.0
453.25,0.0
453.5,0.0
453.75,0.0
454.0,0.0
454.25,0.0
454.5,0.0
454.75,0.0
455.0,0.0
455.25,0.0
455.5,0.0
455.75,0.0
456.0,0.0
456.25,0.0
456.5,0.0
456.75,0.0
457.0,0.0
457.25,0.0
457.5,0.0
457.75,0.0
458.0,0.0
458.25,0.0
458.5,0.0
458.75,0.0
459.0,0.0
459.25,0.0
459.5,0.0
459.75,0.0
460.0,0.0
460.25,0.0
460.5,0.0
460.75,0.0
461.0,0.0
461.25,0.0
461.5,0.0
461.75,0.0
462.0,0.0
462.25,0.0
462.5,0.0
462.75,0.0
463.0,0.0
463.25,0.0
463.5,0.0
463.75,0.0
464.0,0.0
464.25,0.0
464.5,0.0
464.75,0.0
465.0,0.0
465.25,0.0
465.5,0.0
465.75,0.0
466.0,0.0
466.25,0.0
466.5,0.0
466.75,0.0
467.0,0.0
467.25,0.0
467.5,0.0
467.75,0.0
468.0,0.0
468.25,0.0
468.5,0.0
468.75,0.0
469.0,0.0
469.25,0.0
469.5,0.0
469.75,0.0
470.0,0.0
470.25,0.0
470.5,0.0
470.75,0.0
471.0,0.0
471.25,0.0
471.5,0.0
471.75,0.0
472.0,0.0
472.25,0.0
472.75,0.0
473.0,0.0
473.25,0.0
473.5,0.0
473.75,0.0
474.0,0.0
474.25,0.0
474.5,0.0
474.75,0.0
474.99999999999994,0.0
475.24999999999994,0.0
475.49999999999994,0.0
475.74999999999994,0.0
475.99999999999994,0.0
476.24999999999994,0.0
476.49999999999994,0.0
476.74999999999994,0.0
476.99999999999994,0.0
477.24999999999994,0.0
477.49999999999994,0.0
477.74999999999994,0.0
477.99999999999994,0.0
478.24999999999994,0.0
478.49999999999994,0.0
478.74999999999994,0.0
478.99999999999994,0.0
479.24999999999994,0.0
479.49999999999994,0.0
479.74999999999994,0.0
479.99999999999994,0.0
480.24999999999994,0.0
480.49999999999994,0.0
480.74999999999994,0.0
480.99999999999994,0.0
481.24999999999994,0.0
481.49999999999994,0.0
481.74999999999994,0.0
481.99999999999994,0.0
482.24999999999994,0.0
482.49999999999994,0.0
482.74999999999994,0.0
482.99999999999994,0.0
483.24999999999994,0.0
483.49999999999994,0.0
483.74999999999994,0.0
483.99999999999994,0.0
484.24999999999994,0.0
484.49999999999994,0.0
484.74999999999994,0.0
484.99999999999994,0.0
485.24999999999994,0.0
485.49999999999994,0.0
485.74999999999994,0.0
485.99999999999994,0.0
486.24999999999994,0.0
486.49999999999994,0.0
486.74999999999994,0.0
486.99999999999994,0.0
487.24999999999994,0.0
487.49999999999994,0.0
487.74999999999994,0.0
487.99999999999994,0.0
488.24999999999994,0.0
488.49999999999994,0.0
488.74999999999994,0.0
488.99999999999994,0.0
489.24999999999994,0.0
489.49999999999994,0.0
489.74999999999994,0.0
489.99999999999994,0.0
490.24999999999994,0.0
490.49999999999994,0.0
490.74999999999994,0.0
490.99999999999994,0.0
491.24999999999994,0.0
491.49999999999994,0.0
491.74999999999994,0.0
491.99999999999994,0.0
492.24999999999994,0.0
492.49999999999994,0.0
492.74999999999994,0.0
492.99999999999994,0.0
493.24999999999994,0.0
493.49999999999994,0.0
493.74999999999994,0.0
493.99999999999994,0.0
494.24999999999994,0.0
494.49999999999994,0.0
494.74999999999994,0.0
494.99999999999994,0.0
495.24999999999994,0.0
495.49999999999994,0.0
495.74999999999994,0.0
495.99999999999994,0.0
496.24999999999994,0.0
496.49999999999994,0.0
496.74999999999994,0.0
496.99999999999994,0.0
497.24999999999994,0.0
497.49999999999994,0.0
497.74999999999994,0.0
497.99999999999994,0.0
498.24999999999994,0.0
498.49999999999994,0.0
498.74999999999994,0.0
498.99999999999994,0.0
499.24999999999994,0.0
499.49999999999994,0.0
499.74999999999994,0.0
500.0,0.0
500.25,0.0
500.5,0.0
500.75,0.0
501.0,0.0
501.25,0.0
501.5,0.0
501.75,0.0
502.0,0.0
502.25,0.0
502.5,0.0
502.75,0.0
503.0,0.0
503.25,0.0
503.5,0.0
503.75,0.0
504.0,0.0
504.25,0.0
504.5,0.0
504.75,0.0
505.0,0.0
505.25,0.0
505.5,0.0
505.75,0.0
506.0,0.0
506.25,0.0
506.5,0.0
506.75,0.0
507.0,0.0
507.25,0.0
507.5,0.0
507.75,0.0
508.0,0.0
508.25,0.0
508.5,0.0
508.75,0.0
509.0,0.0
509.25,0.0
509.5,0.0
509.75,0.0
510.0,0.0
510.25,0.0
510.5,0.0
510.75,0.0
511.0,0.0
511.25,0.0
511.5,0.0
511.75,0.0
512.0,0.0
512.25,0.0
512.5,0.0
512.75,0.0
513.0,0.0
513.25,0.0
513.5,0.0
513.75,0.0
514.0,0.0
514.25,0.0
514.5,0.0
514.75,0.0
515.0,0.0
515.25,0.0
515.5,0.0
515.75,0.0
516.0,0.0
516.25,0.0
516.5,0.0
516.75,0.0
517.0,0.0
517.25,0.0
517.5,0.0
517.75,0.0
518.0,0.0
518.25,0.0
518.5,0.0
518.75,0.0
519.0,0.0
519.25,0.0
519.5,0.0
519.75,0.0
520.0,0.0
520.25,0.0
520.5,0.0
520.75,0.0
521.0,0.0
521.25,0.0
521.5,0.0
521.75,0.0
522.0,0.0
522.25,0.0
522.5,0.0
522.75,0.0
523.0,0.0
523.25,0.0
523.5,0.0
523.75,0.0
524.0,0.0
524.25,0.0
524.5,0.0
524.75,0.0
525.0,0.0
525.25,0.0
525.5,0.0
525.75,0.0
526.0,0.0
526.25,0.0
526.5,0.0
526.75,0.0
527.0,0.0
527.25,0.0
527.5,0.0
527.75,0.0
528.0,0.0
528.25,0.0
528.5,0.0
528.75,0.0
529.0,0.0
529.25,0.0
529.5,0.0
529.75,0.0
530.0,0.0
530.25,0.0
530.5,0.0
530.75,0.0
531.0,0.0
531.25,0.0
531.5,0.0
531.75,0.0
532.0,0.0
532.25,0.0
532.5,0.0
532.75,0.0
533.0,0.0
533.25,0.0
533.5,0.0
533.75,0.0
534.0,0.0
534.25,0.0
534.5,0.0
534.75,0.0
535.0,0.0
535.25,0.0
535.5,0.0
535.75,0.0
536.0,0.0
536.25,0.0
536.5,0.0
536.75,0.0
537.0,0.0
537.25,0.0
537.5,0.0
537.75,0.0
538.0,0.0
538.25,0.0
538.5,0.0
538.75,0.0
539.0,0.0
539.25,0.0
539.5,0.0
539.75,0.0
540.0,0.0
540.25,0.0
540.5,0.0
540.75,0.0
541.0,0.0
541.25,0.0
541.5,0.0
541.75,0.0
542.0,0.0
542.25,0.0
542.5,0.0
542.75,0.0
543.0,0.0
543.25,0.0
543.5,0.0
543.75,0.0
544.0,0.0
544.25,0.0
544.5,0.0
544.75,0.0
545.0,0.0
545.25,0.0
545.5,0.0
545.75,0.0
546.0,0.0
546.25,0.0
546.5,0.0
546.75,0.0
547.0,0.0
547.25,0.0
547.5,0.0
547.75,0.0
548.0,0.0
548.25,0.0
548.5,0.0
548.75,0.0
549.0,0.0
549.25,0.0
549.5,0.0
549.75,0.0
550.0,0.0
550.25,0.0
550.5,0.0
550.75,0.0
551.0,0.0
551.25,0.0
551.5,0.0
551.75,0.0
552.0,0.0
552.25,0.0
552.5,0.0
552.75,0.0
553.0,0.0
553.25,0.0
553.5,0.0
553.75,0.0
554.0,0.0
554.25,0.0
554.5,0.0
554.75,0.0
555.0,0.0
555.25,0.0
555.5,0.0
555.75,0.0
556.0,0.0
556.25,0.0
556.5,0.0
556.75,0.0
557.0,0.0
557.25,0.0
557.5,0.0
557.75,0.0
558.0,0.0
558.25,0.0
558.5,0.0
558.75,0.0
559.0,0.0
559.25,0.0
559.5,0.0
559.75,0.0
560.0,0.0
560.25,0.0
560.5,0.0
560.75,0.0
561.0,0.0
561.25,0.0
561.5,0.0
561.75,0.0
562.0,0.0
562.25,0.0
562.5,0.0
562.75,0.0
563.0,0.0
563.25,0.0
563.5,0.0
563.75,0.0
564.0,0.0
564.25,0.0
564.5,0.0
564.75,0.0
565.0,0.0
565.25,0.0
565.5,0.0
565.75,0.0
566.0,0.0
566.25,0.0
566.5,0.0
566.75,0.0
567.0,0.0
567.25,0.0
567.5,0.0
567.75,0.0
568.0,0.0
568.25,0.0
568.5,0.0
568.75,0.0
569.0,0.0
569.25,0.0
569.5,0.0
569.75,0.0
570.0,0.0
570.25,0.0
570.5,0.0
570.75,0.0
571.0,0.0
571.25,0.0
571.5,0.0
571.75,0.0
572.0,0.0
572.25,0.0
572.5,0.0
572.75,0.0
573.0,0.0
573.25,0.0
573.5,0.0
573.75,0.0
574.0,0.0
574.25,0.0
574.5,0.0
574.75,0.0
574.9999999999999,0.0
575.2499999999999,0.0
575.4999999999999,0.0
575.7499999999999,0.0
575.9999999999999,0.0
576.2499999999999,0.0
576.4999999999999,0.0
576.7499999999999,0.0
576.9999999999999,0.0
577.2499999999999,0.0
577.4999999999999,0.0
577.7499999999999,0.0
577.9999999999999,0.0
578.2499999999999,0.0
578.4999999999999,0.0
578.7499999999999,0.0
578.9999999999999,0.0
579.2499999999999,0.0
579.4999999999999,0.0
579.7499999999999,0.0
579.9999999999999,0.0
580.2499999999999,0.0
580.4999999999999,0.0
580.7499999999999,0.0
580.9999999999999,0.0
581.2499999999999,0.0
581.4999999999999,0.0
581.7499999999999,0.0
581.9999999999999,0.0
582.2499999999999,0.0
582.4999999999999,0.0
582.7499999999999,0.0
582.9999999999999,0.0
583.2499999999999,0.0
583.4999999999999,0.0
583.7499999999999,0.0
583.9999999999999,0.0
584.2499999999999,0.0
584.4999999999999,0.0
584.7499999999999,0.0
584.9999999999999,0.0
585.2499999999999,0.0
585.4999999999999,0.0
585.7499999999999,0.0
585.9999999999999,0.0
586.2499999999999,0.0
586.4999999999999,0.0
586.7499999999999,0.0
586.9999999999999,0.0
587.2499999999999,0.0
587.4999999999999,0.0
587.7499999999999,0.0
587.9999999999999,0.0
588.2499999999999,0.0
588.4999999999999,0.0
588.7499999999999,0.0
588.9999999999999,0.0
589.2499999999999,0.0
589.4999999999999,0.0
589.7499999999999,0.0
589.9999999999999,0.0
590.2499999999999,0.0
590.4999999999999,0.0
590.7499999999999,0.0
590.9999999999999,0.0
591.2499999999999,0.0
591.4999999999999,0.0
591.7499999999999,0.0
591.9999999999999,0.0
592.2499999999999,0.0
592.4999999999999,0.0
592.7499999999999,0.0
592.9999999999999,0.0
593.2499999999999,0.0
593.4999999999999,0.0
593.7499999999999,0.0
593.9999999999999,0.0
594.2499999999999,0.0
594.4999999999999,0.0
594.7499999999999,0.0
594.9999999999999,0.0
595.2499999999999,0.0
595.4999999999999,0.0
595.7499999999999,0.0
595.9999999999999,0.0
596.2499999999999,0.0
596.4999999999999,0.0
596.7499999999999,0.0
596.9999999999999,0.0
597.2499999999999,0.0
597.4999999999999,0.0
597.7499999999999,0.0
597.9999999999999,0.0
598.2499999999999,0.0
598.4999999999999,0.0
598.7499999999999,0.0
598.9999999999999,0.0
599.2499999999999,0.0
599.4999999999999,0.0
599.7499999999999,0.0
600.0,0.0
600.25,0.0
600.5,0.0
600.75,0.0
601.0,0.0
601.25,0.0
601.5,0.0
601.75,0.0
602.0,0.0
602.25,0.0
602.5,0.0
602.75,0.0
603.0,0.0
603.25,0.0
603.5,0.0
603.75,0.0
604.0,0.0
604.25,0.0
604.5,0.0
604.75,0.0
605.0,0.0
605.25,0.0
605.5,0.0
605.75,0.0
606.0,0.0
606.25,0.0
606.5,0.0
606.75,0.0
607.0,0.0
607.25,0.0
607.5,0.0
607.75,0.0
608.0,0.0
608.25,0.0
608.5,0.0
608.75,0.0
609.0,0.0
609.25,0.0
609.5,0.0
609.75,0.0
610.0,0.0
610.25,0.0
610.5,0.0
610.75,0.0
611.0,0.0
611.25,0.0
611.5,0.0
611.75,0.0
612.0,0.0
612.25,0.0
612.5,0.0
612.75,0.0
613.0,0.0
613.25,0.0
613.5,0.0
613.75,0.0
614.0,0.0
614.25,0.0
614.5,0.0
614.75,0.0
615.0,0.0
615.25,0.0
615.5,0.0
615.75,0.0
616.0,0.0
616.25,0.0
616.5,0.0
616.75,0.0
617.0,0.0
617.25,0.0
617.5,0.0
617.75,0.0
618.0,0.0
618.25,0.0
618.5,0.0
618.75,0.0
619.0,0.0
619.25,0.0
619.5,0.0
619.75,0.0
620.0,0.0
620.25,0.0
620.5,0.0
620.75,0.0
621.0,0.0
621.25,0.0
621.5,0.0
621.75,0.0
622.0,0.0
622.25,0.0
622.5,0.0
622.75,0.0
623.0,0.0
623.25,0.0
623.5,0.0
623.75,0.0
624.0,0.0
624.25,0.0
624.5,0.0
624.75,0.0
625.0,0.0
625.25,0.0
625.5,0.0
625.75,0.0
626.0,0.0
626.25,0.0
626.5,0.0
626.75,0.0
627.0,0.0
627.25,0.0
627.5,0.0
627.75,0.0
628.0,0.0
628.25,0.0
628.5,0.0
628.75,0.0
629.0,0.0
629.25,0.0
629.5,0.0
629.75,0.0
630.0,0.0
630.25,0.0
630.5,0.0
630.75,0.0
631.0,0.0
631.25,0.0
631.5,0.0
631.75,0.0
632.0,0.0
632.25,0.0
632.5,0.0
632.75,0.0
633.0,0.0
633.25,0.0
633.5,0.0
633.75,0.0
634.0,0.0
634.25,0.0
634.5,0.0
634.75,0.0
635.0,0.0
635.25,0.0
635.5,0.0
635.75,0.0
636.0,0.0
636.25,0.0
636.5,0.0
636.75,0.0
637.0,0.0
637.25,0.0
637.5,0.0
637.75,0.0
638.0,0.0
638.25,0.0
638.5,0.0
638.75,0.0
639.0,0.0
639.25,0.0
639.5,0.0
639.75,0.0
640.0,0.0
640.25,0.0
640.5,0.0
640.75,0.0
641.0,0.0
641.25,0.0
641.5,0.0
641.75,0.0
642.0,0.0
642.25,0.0
642.5,0.0
642.75,0.0
643.0,0.0
643.25,0.0
643.5,0.0
643.75,0.0
644.0,0.0
644.25,0.0
644.5,0.0
644.75,0.0
645.0,0.0
645.25,0.0
645.5,0.0
645.75,0.0
646.0,0.0
646.25,0.0
646.5,0.0
646.75,0.0
647.0,0.0
647.25,0.0
647.5,0.0
647.75,0.0
648.0,0.0
648.25,0.0
648.5,0.0
648.75,0.0
649.0,0.0
649.25,0.0
649.5,0.0
649.75,0.0
650.0,0.0
650.25,0.0
650.5,0.0
650.75,0.0
651.0,0.0
651.25,0.0
651.5,0.0
651.75,0.0
652.0,0.0
652.25,0.0
652.5,0.0
652.75,0.0
653.0,0.0
653.25,0.0
653.5,0.0
653.75,0.0
654.0,0.0
654.25,0.0
654.5,0.0
654.75,0.0
655.0,0.0
655.25,0.0
655.5,0.0
655.75,0.0
656.0,0.0
656.25,0.0
656.5,0.0
656.75,0.0
657.0,0.0
657.25,0.0
657.5,0.0
657.75,0.0
658.0,0.0
658.25,0.0
658.5,0.0
658.75,0.0
659.0,0.0
659.25,0.0
659.5,0.0
659.75,0.0
660.0,0.0
660.25,0.0
660.5,0.0
660.75,0.0
661.0,0.0
661.25,0.0
661.5,0.0
661.75,0.0
662.0,0.0
662.25,0.0
662.5,0.0
662.75,0.0
663.0,0.0
663.25,0.0
663.5,0.0
663.75,0.0
664.0,0.0
664.25,0.0
664.5,0.0
664.75,0.0
665.0,0.0
665.25,0.0
665.5,0.0
665.75,0.0
666.0,0.0
666.25,0.0
666.5,0.0
666.75,0.0
667.0,0.0
667.25,0.0
667.5,0.0
667.75,0.0
668.0,0.0
668.25,0.0
668.5,0.0
668.75,0.0
669.0,0.0
669.25,0.0
669.5,0.0
669.75,0.0
670.0,0.0
670.25,0.0
670.5,0.0
670.75,0.0
671.0,0.0
671.25,0.0
671.5,0.0
671.75,0.0
672.0,0.0
672.25,0.0
672.5,0.0
672.75,0.0
673.0,0.0
673.25,0.0
673.5,0.0
673.75,0.0
674.0,0.0
674.25,0.0
674.5,0.0
674.75,0.0
674.9999999999999,0.0
675.2499999999999,0.0
675.4999999999999,0.0
675.7499999999999,0.0
675.9999999999999,0.0
676.2499999999999,0.0
676.4999999999999,0.0
676.7499999999999,0.0
676.9999999999999,0.0
677.2499999999999,0.0
677.4999999999999,0.0
677.7499999999999,0.0
677.9999999999999,0.0
678.2499999999999,0.0
678.4999999999999,0.0
678.7499999999999,0.0
678.9999999999999,0.0
679.2499999999999,0.0
679.4999999999999,0.0
679.7499999999999,0.0
679.9999999999999,0.0
680.2499999999999,0.0
680.4999999999999,0.0
680.7499999999999,0.0
680.9999999999999,0.0
681.2499999999999,0.0
681.4999999999999,0.0
681.7499999999999,0.0
681.9999999999999,0.0
682.2499999999999,0.0
682.4999999999999,0.0
682.7499999999999,0.0
682.9999999999999,0.0
683.2499999999999,0.0
683.4999999999999,0.0
683.7499999999999,0.0
683.9999999999999,0.0
684.2499999999999,0.0
684.4999999999999,0.0
684.7499999999999,0.0
684.9999999999999,0.0
685.2499999999999,0.0
685.4999999999999,0.0
685.7499999999999,0.0
685.9999999999999,0.0
686.2499999999999,0.0
686.4999999999999,0.0
686.7499999999999,0.0
686.9999999999999,0.0
687.2499999999999,0.0
687.4999999999999,0.0
687.7499999999999,0.0
687.9999999999999,0.0
688.2499999999999,0.0
688.4999999999999,0.0
688.7499999999999,0.0
688.9999999999999,0.0
689.2499999999999,0.0
689.4999999999999,0.0
689.7499999999999,0.0
689.9999999999999,0.0
690.2499999999999,0.0
690.4999999999999,0.0
690.7499999999999,0.0
690.9999999999999,0.0
691.2499999999999,0.0
691.4999999999999,0.0
691.7499999999999,0.0
691.9999999999999,0.0
692.2499999999999,0.0
692.4999999999999,0.0
692.7499999999999,0.0
692.9999999999999,0.0
693.2499999999999,0.0
693.4999999999999,0.0
693.7499999999999,0.0
693.9999999999999,0.0
694.2499999999999,0.0
694.4999999999999,0.0
694.7499999999999,0.0
694.9999999999999,0.0
695.2499999999999,0.0
695.4999999999999,0.0
695.7499999999999,0.0
695.9999999999999,0.0
696.2499999999999,0.0
696.4999999999999,0.0
696.7499999999999,0.0
696.9999999999999,0.0
697.2499999999999,0.0
697.4999999999999,0.0
697.7499999999999,0.0
697.9999999999999,0.0
698.2499999999999,0.0
698.4999999999999,0.0
698.7499999999999,0.0
698.9999999999999,0.0
699.2499999999999,0.0
699.4999999999999,0.0
699.7499999999999,0.0
700.0,0.0
700.25,0.0
700.5,0.0
700.75,0.0
701.0,0.0
701.25,0.0
701.5,0.0
701.75,0.0
702.0,0.0
702.25,0.0
702.5,0.0
702.75,0.0
703.0,0.0
703.25,0.0
703.5,0.0
703.75,0.0
704.0,0.0
704.25,0.0
704.5,0.0
704.75,0.0
705.0,0.0
705.25,0.0
705.5,0.0
705.75,0.0
706.0,0.0
706.25,0.0
706.5,0.0
706.75,0.0
707.0,0.0
707.25,0.0
707.5,0.0
707.75,0.0
708.0,0.0
708.25,0.0
708.5,0.0
708.75,0.0
709.0,0.0
709.25,0.0
709.5,0.0
709.75,0.0
710.0,0.0
710.25,0.0
710.5,0.0
710.75,0.0
711.0,0.0
711.25,0.0
711.5,0.0
711.75,0.0
712.0,0.0
712.25,0.0
712.5,0.0
712.75,0.0
713.0,0.0
713.25,0.0
713.5,0.0
713.75,0.0
714.0,0.0
714.25,0.0
714.5,0.0
714.75,0.0
715.0,0.0
715.25,0.0
715.5,0.0
715.75,0.0
716.0,0.0
716.25,0.0
716.5,0.0
716.75,0.0
717.0,0.0
717.25,0.0
717.5,0.0
717.75,0.0
718.0,0.0
718.25,0.0
718.5,0.0
718.75,0.0
719.0,0.0
719.25,0.0
719.5,0.0
719.75,0.0
720.0,0.0
720.25,0.0
720.5,0.0
720.75,0.0
721.0,0.0
721.25,0.0
721.5,0.0
721.75,0.0
722.0,0.0
722.25,0.0
722.5,0.0
722.75,0.0
723.0,0.0
723.25,0.0
723.5,0.0
723.75,0.0
724.0,0.0
724.25,0.0
724.5,0.0
724.75,0.0
725.0,0.0
725.25,0.0
725.5,0.0
725.75,0.0
726.0,0.0
726.25,0.0
726.5,0.0
726.75,0.0
727.0,0.0
727.25,0.0
727.5,0.0
727.75,0.0
728.0,0.0
728.25,0.0
728.5,0.0
728.75,0.0
729.0,0.0
729.25,0.0
729.5,0.0
729.75,0.0
730.0,0.0
730.25,0.0
730.5,0.0
730.75,0.0
731.0,0.0
731.25,0.0
731.5,0.0
731.75,0.0
732.0,0.0
732.25,0.0
732.5,0.0
732.75,0.0
733.0,0.0
733.25,0.0
733.5,0.0
733.75,0.0
734.0,0.0
734.25,0.0
734.5,0.0
734.75,0.0
735.0,0.0
735.25,0.0
735.5,0.0
735.75,0.0
736.0,0.0
736.25,0.0
736.5,0.0
736.75,0.0
737.0,0.0
737.25,0.0
737.5,0.0
737.75,0.0
738.0,0.0
738.25,0.0
738.5,0.0
738.75,0.0
739.0,0.0
739.25,0.0
739.5,0.0
739.75,0.0
740.0,0.0
740.25,0.0
740.5,0.0
740.75,0.0
741.0,0.0
741.25,0.0
741.5,0.0
741.75,0.0
742.0,0.0
742.25,0.0
742.5,0.0
742.75,0.0
743.0,0.0
743.25,0.0
743.5,0.0
743.75,0.0
744.0,0.0
744.25,0.0
744.5,0.0
744.75,0.0
745.0,0.0
745.25,0.0
745.5,0.0
745.75,0.0
746.0,0.0
746.25,0.0
746.5,0.0
746.75,0.0
747.0,0.0
747.25,0.0
747.5,0.0
747.75,0.0
748.0,0.0
748.25,0.0
748.5,0.0
748.75,0.0
749.0,0.0
749.25,0.0
749.5,0.0
749.75,0.0
749.9999999999999,0.0
750.2500041666666,0.0
750.5000333333332,0.0
750.7501124999999,0.0
751.0002666666666,0.0
751.2505208333332,0.0
751.5008999999999,0.0
751.7514291666665,0.0
752.0021333333332,0.0
752.2530374999999,0.0
752.5041666666666,0.0
752.7555458333333,0.0
753.0071999999999,0.0
753.2591541666666,0.0
753.5114333333332,0.0
753.7640624999999,0.0
754.0170666666666,0.0
754.2704708333332,0.0
754.5242999999999,0.0
754.7785791666665,0.0
755.0333333333332,0.0
755.2885874999998,0.0
755.5443666666665,0.0
755.8006958333332,0.0
756.0575999999999,0.0
756.3151041666665,0.0
756.5732333333332,0.0
756.8320124999999,0.0
757.0914666666665,0.0
757.3516208333332,0.0
757.6124999999998,0.0
757.8741291666665,0.0
758.1365333333332,0.0
758.3997374999999,0.0
758.6637666666666,0.0
758.9286458333332,0.0
759.1943999999999,0.0
759.4610541666666,0.0
759.7286333333332,0.0
759.9971624999998,0.0
760.2666666666665,0.0
760.5371708333332,0.0
760.8086999999999,0.0
761.0812791666666,0.0
761.3549333333332,0.0
761.6296874999999,0.0
761.9055666666666,0.0
762.1825958333333,0.0
762.4607999999998,0.0
762.7402041666666,0.0
763.0208333333333,0.0
763.3027124999999,0.0
763.5858666666666,0.0
763.8703208333333,0.0
764.1560999999999,0.0
764.4432291666666,0.0
764.7317333333332,0.0
765.0216374999999,0.0
765.3129666666665,0.0
765.6057458333332,0.0
765.8999999999999,0.0
766.1957541666666,0.0
766.4930333333332,0.0
766.7918624999999,0.0
767.0922666666665,0.0
767.3942708333332,0.0
767.6978999999999,0.0
768.0031791666665,0.0
768.3101333333332,0.0
768.6187874999999,0.0
768.9291666666666,0.0
769.2412958333332,0.0
769.5551999999999,0.0
769.8709041666666,0.0
770.1884333333333,0.0
770.5078124999999,0.0
770.8290666666666,0.0
771.1522208333332,0.0
771.4772999999999,0.0
771.8043291666665,0.0
772.1333333333332,0.0
772.4643374999999,0.0
772.7973666666666,0.0
773.1324458333332,0.0
773.4695999999999,0.0
773.8088541666666,0.0
774.1502333333332,0.0
774.4937624999999,0.0
774.8394666666666,0.0
775.1873708333333,0.0
775.5374999999999,0.0
775.8898791666666,0.0
776.2445333333333,0.0
776.6014874999998,0.0
776.9607666666666,0.0
777.3223958333332,0.0
777.6863999999999,0.0
778.0528041666665,0.0
778.4216333333333,0.0
778.7929124999999,0.0
779.1666666666666,0.0
779.5429083333333,0.0
779.9216,0.0
780.3026916666666,0.0
780.6861333333333,0.0
781.071875,0.0
781.4598666666666,0.0
781.8500583333333,0.0
782.2424,0.0
782.6368416666667,0.0
783.0333333333333,0.0
783.431825,0.0
783.8322666666667,0.0
784.2346083333333,0.0
784.6388,0.0
785.0447916666666,0.0
785.4525333333333,0.0
785.8619749999999,0.0
786.2730666666666,0.0
786.6857583333333,0.0
787.0999999999999,0.0
787.5157416666666,0.0
787.9329333333333,0.0
788.3515249999999,0.0
788.7714666666666,0.0
789.1927083333333,0.0
789.6152,0.0
790.0388916666666,0.0
790.4637333333333,0.0
790.889675,0.0
791.3166666666666,0.0
791.7446583333333,0.0
792.1736,0.0
792.6034416666666,0.0
793.0341333333333,0.0
793.4656249999999,0.0
793.8978666666666,0.0
794.3308083333333,0.0
794.7643999999999,0.0
795.1985916666666,0.0
795.6333333333333,0.0
796.068575,0.0
796.5042666666666,0.0
796.9403583333333,0.0
797.3768,0.0
797.8135416666667,0.0
798.2505333333334,0.0
798.687725,0.0
799.1250666666666,0.0
799.5625083333333,0.0
800.0,0.0
800.4374916666666,0.0
800.8749333333333,0.0
801.312275,0.0
801.7494666666666,0.0
802.1864583333333,0.0
802.6232,0.0
803.0596416666666,0.0
803.4957333333333,0.0
803.931425,0.0
804.3666666666667,0.0
804.8014083333333,0.0
805.2356,0.0
805.6691916666666,0.0
806.1021333333333,0.0
806.534375,0.0
806.9658666666667,0.0
807.3965583333332,0.0
807.8263999999999,0.0
808.2553416666666,0.0
808.6833333333333,0.0
809.110325,0.0
809.5362666666666,0.0
809.9611083333333,0.0
810.3847999999999,0.0
810.8072916666666,0.0
811.2285333333333,0.0
811.648475,0.0
812.0670666666666,0.0
812.4842583333333,0.0
812.9,0.0
813.3142416666666,0.0
813.7269333333332,0.0
814.138025,0.0
814.5474666666667,0.0
814.9552083333333,0.0
815.3611999999999,0.0
815.7653916666666,0.0
816.1677333333333,0.0
816.568175,0.0
816.9666666666666,0.0
817.3631583333333,0.0
817.7575999999999,0.0
818.1499416666667,0.0
818.5401333333333,0.0
818.9281249999999,0.0
819.3138666666666,0.0
819.6973083333332,0.0
820.0784,0.0
820.4570916666667,0.0
820.8333333333333,0.0
821.2070875,0.0
821.5783666666666,0.0
821.9471958333332,0.0
822.3136,0.0
822.6776041666666,0.0
823.0392333333333,0.0
823.3985124999999,0.0
823.7554666666666,0.0
824.1101208333332,0.0
824.4625,0.0
824.8126291666666,0.0
825.1605333333332,0.0
825.5062374999999,0.0
825.8497666666666,0.0
826.1911458333333,0.0
826.5303999999999,0.0
826.8675541666665,0.0
827.2026333333332,0.0
827.5356625,0.0
827.8666666666666,0.0
828.1956708333332,0.0
828.5226999999999,0.0
828.8477791666666,0.0
829.1709333333332,0.0
829.4921874999999,0.0
829.8115666666666,0.0
830.1290958333333,0.0
830.4447999999999,0.0
830.7587041666666,0.0
831.0708333333332,0.0
831.3812125,0.0
831.6898666666666,0.0
831.9968208333332,0.0
832.3020999999999,0.0
832.6057291666666,0.0
832.9077333333332,0.0
833.2081374999999,0.0
833.5069666666666,0.0
833.8042458333333,0.0
834.0999999999999,0.0
834.3942541666665,0.0
834.6870333333333,0.0
834.9783624999999,0.0
835.2682666666666,0.0
835.5567708333333,0.0
835.8439,0.0
836.1296791666666,0.0
836.4141333333332,0.0
836.6972874999999,0.0
836.9791666666666,0.0
837.2597958333332,0.0
837.5391999999999,0.0
837.8174041666666,0.0
838.0944333333333,0.0
838.3703125,0.0
838.6450666666666,0.0
838.9187208333333,0.0
839.1913,0.0
839.4628291666666,0.0
839.7333333333332,0.0
840.0028374999999,0.0
840.2713666666666,0.0
840.5389458333333,0.0
840.8055999999999,0.0
841.0713541666667,0.0
841.3362333333332,0.0
841.6002625,0.0
841.8634666666666,0.0
842.1258708333332,0.0
842.3874999999999,0.0
842.6483791666666,0.0
842.9085333333333,0.0
843.1679875,0.0
843.4267666666666,0.0
843.6848958333333,0.0
843.9423999999999,0.0
844.1993041666666,0.0
844.4556333333333,0.0
844.7114124999999,0.0
844.9666666666666,0.0
845.2214208333332,0.0
845.4757,0.0
845.7295291666666,0.0
845.9829333333332,0.0
846.2359375,0.0
846.4885666666667,0.0
846.7408458333333,0.0
846.9928,0.0
847.2444541666666,0.0
847.4958333333333,0.0
847.7469625,0.0
847.9978666666666,0.0
848.2485708333332,0.0
848.4991,0.0
848.7494791666666,0.0
848.9997333333333,0.0
849.2498875,0.0
849.4999666666666,0.0
849.7499958333333,0.0
850.0,0.0
850.25,0.0
850.5,0.0
850.75,0.0
851.0,0.0
851.25,0.0
851.5,0.0
851.75,0.0
852.0,0.0
852.25,0.0
852.5,0.0
852.75,0.0
853.0,0.0
853.25,0.0
853.5,0.0
853.75,0.0
854.0,0.0
854.25,0.0
854.5,0.0
854.75,0.0
855.0,0.0
855.25,0.0
855.5,0.0
855.75,0.0
856.0,0.0
856.25,0.0
856.5,0.0
856.75,0.0
857.0,0.0
857.25,0.0
857.5,0.0
857.75,0.0
858.0,0.0
858.25,0.0
858.5,0.0
858.75,0.0
859.0,0.0
859.25,0.0
859.5,0.0
859.75,0.0
860.0,0.0
860.25,0.0
860.5,0.0
860.75,0.0
861.0,0.0
861.25,0.0
861.5,0.0
861.75,0.0
862.0,0.0
862.25,0.0
862.5,0.0
862.75,0.0
863.0,0.0
863.25,0.0
863.5,0.0
863.75,0.0
864.0,0.0
864.25,0.0
864.5,0.0
864.75,0.0
865.0,0.0
865.25,0.0
865.5,0.0
865.75,0.0
866.0,0.0
866.25,0.0
866.5,0.0
866.75,0.0
867.0,0.0
867.25,0.0
867.5,0.0
867.75,0.0
868.0,0.0
868.25,0.0
868.5,0.0
868.75,0.0
869.0,0.0
869.25,0.0
869.5,0.0
869.75,0.0
870.0,0.0
870.25,0.0
870.5,0.0
870.75,0.0
871.0,0.0
871.25,0.0
871.5,0.0
871.75,0.0
872.0,0.0
872.25,0.0
872.5,0.0
872.75,0.0
873.0,0.0
873.25,0.0
873.5,0.0
873.75,0.0
874.0,0.0
874.25,0.0
874.5,0.0
874.75,0.0
875.0,0.0
875.25,0.0
875.5,0.0
875.75,0.0
876.0,0.0
876.25,0.0
876.5,0.0
876.75,0.0
877.0,0.0
877.25,0.0
877.5,0.0
877.75,0.0
878.0,0.0
878.25,0.0
878.5,0.0
878.75,0.0
879.0,0.0
879.25,0.0
879.5,0.0
879.75,0.0
880.0,0.0
880.25,0.0
880.5,0.0
880.75,0.0
881.0,0.0
881.25,0.0
881.5,0.0
881.75,0.0
882.0,0.0
882.25,0.0
882.5,0.0
882.75,0.0
883.0,0.0
883.25,0.0
883.5,0.0
883.75,0.0
884.0,0.0
884.25,0.0
884.5,0.0
884.75,0.0
885.0,0.0
885.25,0.0
885.5,0.0
885.75,0.0
886.0,0.0
886.25,0.0
886.5,0.0
886.75,0.0
887.0,0.0
887.25,0.0
887.5,0.0
887.75,0.0
888.0,0.0
888.25,0.0
888.5,0.0
888.75,0.0
889.0,0.0
889.25,0.0
889.5,0.0
889.75,0.0
890.0,0.0
890.25,0.0
890.5,0.0
890.75,0.0
891.0,0.0
891.25,0.0
891.5,0.0
891.75,0.0
892.0,0.0
892.25,0.0
892.5,0.0
892.75,0.0
893.0,0.0
893.25,0.0
893.5,0.0
893.75,0.0
894.0,0.0
894.25,0.0
894.5,0.0
894.75,0.0
895.0,0.0
895.25,0.0
895.5,0.0
895.75,0.0
896.0,0.0
896.25,0.0
896.5,0.0
896.75,0.0
897.0,0.0
897.25,0.0
897.5,0.0
897.75,0.0
898.0,0.0
898.25,0.0
898.5,0.0
898.75,0.0
899.0,0.0
899.25,0.0
899.5,0.0
899.75,0.0
899.9999999999999,0.0
900.2499999999999,0.0
900.4999999999999,0.0
900.7499999999999,0.0
900.9999999999999,0.0
901.2499999999999,0.0
901.4999999999999,0.0
901.7499999999999,0.0
901.9999999999999,0.0
902.2499999999999,0.0
902.4999999999999,0.0
902.7499999999999,0.0
902.9999999999999,0.0
903.2499999999999,0.0
903.4999999999999,0.0
903.7499999999999,0.0
903.9999999999999,0.0
904.2499999999999,0.0
904.4999999999999,0.0
904.7499999999999,0.0
904.9999999999999,0.0
905.2499999999999,0.0
905.4999999999999,0.0
905.7499999999999,0.0
905.9999999999999,0.0
906.2499999999999,0.0
906.4999999999999,0.0
906.7499999999999,0.0
906.9999999999999,0.0
907.2499999999999,0.0
907.4999999999999,0.0
907.7499999999999,0.0
907.9999999999999,0.0
908.2499999999999,0.0
908.4999999999999,0.0
908.7499999999999,0.0
908.9999999999999,0.0
909.2499999999999,0.0
909.4999999999999,0.0
909.7499999999999,0.0
909.9999999999999,0.0
910.2499999999999,0.0
910.4999999999999,0.0
910.7499999999999,0.0
910.9999999999999,0.0
911.2499999999999,0.0
911.4999999999999,0.0
911.7499999999999,0.0
911.9999999999999,0.0
912.2499999999999,0.0
912.4999999999999,0.0
912.7499999999999,0.0
912.9999999999999,0.0
913.2499999999999,0.0
913.4999999999999,0.0
913.7499999999999,0.0
913.9999999999999,0.0
914.2499999999999,0.0
914.4999999999999,0.0
914.7499999999999,0.0
914.9999999999999,0.0
915.2499999999999,0.0
915.4999999999999,0.0
915.7499999999999,0.0
915.9999999999999,0.0
916.2499999999999,0.0
916.4999999999999,0.0
916.7499999999999,0.0
916.9999999999999,0.0
917.2499999999999,0.0
917.4999999999999,0.0
917.7499999999999,0.0
917.9999999999999,0.0
918.2499999999999,0.0
918.4999999999999,0.0
918.7499999999999,0.0
918.9999999999999,0.0
919.2499999999999,0.0
919.4999999999999,0.0
919.7499999999999,0.0
919.9999999999999,0.0
920.2499999999999,0.0
920.4999999999999,0.0
920.7499999999999,0.0
920.9999999999999,0.0
921.2499999999999,0.0
921.4999999999999,0.0
921.7499999999999,0.0
921.9999999999999,0.0
922.2499999999999,0.0
922.4999999999999,0.0
922.7499999999999,0.0
922.9999999999999,0.0
923.2499999999999,0.0
923.4999999999999,0.0
923.7499999999999,0.0
923.9999999999999,0.0
924.2499999999999,0.0
924.4999999999999,0.0
924.7499999999999,0.0
925.0,0.0
925.25,0.0
925.5,0.0
925.75,0.0
926.0,0.0
926.25,0.0
926.5,0.0
926.75,0.0
927.0,0.0
927.25,0.0
927.5,0.0
927.75,0.0
928.0,0.0
928.25,0.0
928.5,0.0
928.75,0.0
929.0,0.0
929.25,0.0
929.5,0.0
929.75,0.0
930.0,0.0
930.25,0.0
930.5,0.0
930.75,0.0
931.0,0.0
931.25,0.0
931.5,0.0
931.75,0.0
932.0,0.0
932.25,0.0
932.5,0.0
932.75,0.0
933.0,0.0
933.25,0.0
933.5,0.0
933.75,0.0
934.0,0.0
934.25,0.0
934.5,0.0
934.75,0.0
935.0,0.0
935.25,0.0
935.5,0.0
935.75,0.0
936.0,0.0
936.25,0.0
936.5,0.0
936.75,0.0
937.0,0.0
937.25,0.0
937.5,0.0
937.75,0.0
938.0,0.0
938.25,0.0
938.5,0.0
938.75,0.0
939.0,0.0
939.25,0.0
939.5,0.0
939.75,0.0
940.0,0.0
940.25,0.0
940.5,0.0
940.75,0.0
941.0,0.0
941.25,0.0
941.5,0.0
941.75,0.0
942.0,0.0
942.25,0.0
942.5,0.0
942.75,0.0
943.0,0.0
943.25,0.0
943.5,0.0
943.75,0.0
944.0,0.0
944.25,0.0
944.5,0.0
944.75,0.0
945.0,0.0
945.25,0.0
945.5,0.0
945.75,0.0
946.0,0.0
946.25,0.0
946.5,0.0
946.75,0.0
947.0,0.0
947.25,0.0
947.5,0.0
947.75,0.0
948.0,0.0
948.25,0.0
948.5,0.0
948.75,0.0
949.0,0.0
949.25,0.0
949.5,0.0
949.75,0.0
950.0,0.0
950.25,0.0
950.5,0.0
950.75,0.0
951.0,0.0
951.25,0.0
951.5,0.0
951.75,0.0
952.0,0.0
952.25,0.0
952.5,0.0
952.75,0.0
953.0,0.0
953.25,0.0
953.5,0.0
953.75,0.0
954.0,0.0
954.25,0.0
954.5,0.0
954.75,0.0
955.0,0.0
955.25,0.0
955.5,0.0
955.75,0.0
956.0,0.0
956.25,0.0
956.5,0.0
956.75,0.0
957.0,0.0
957.25,0.0
957.5,0.0
957.75,0.0
958.0,0.0
958.25,0.0
958.5,0.0
958.75,0.0
959.0,0.0
959.25,0.0
959.5,0.0
959.75,0.0
960.0,0.0
960.25,0.0
960.5,0.0
960.75,0.0
961.0,0.0
961.25,0.0
961.5,0.0
961.75,0.0
962.0,0.0
962.25,0.0
962.5,0.0
962.75,0.0
963.0,0.0
963.25,0.0
963.5,0.0
963.75,0.0
964.0,0.0
964.25,0.0
964.5,0.0
964.75,0.0
965.0,0.0
965.25,0.0
965.5,0.0
965.75,0.0
966.0,0.0
966.25,0.0
966.5,0.0
966.75,0.0
967.0,0.0
967.25,0.0
967.5,0.0
967.75,0.0
968.0,0.0
968.25,0.0
968.5,0.0
968.75,0.0
969.0,0.0
969.25,0.0
969.5,0.0
969.75,0.0
970.0,0.0
970.25,0.0
970.5,0.0
970.75,0.0
971.0,0.0
971.25,0.0
971.5,0.0
971.75,0.0
972.0,0.0
972.25,0.0
972.5,0.0
972.75,0.0
973.0,0.0
973.25,0.0
973.5,0.0
973.75,0.0
974.0,0.0
974.25,0.0
974.5,0.0
974.75,0.0
974.9999999999999,0.0
975.2499999999999,0.0
975.4999999999999,0.0
975.7499999999999,0.0
975.9999999999999,0.0
976.2499999999999,0.0
976.4999999999999,0.0
976.7499999999999,0.0
976.9999999999999,0.0
977.2499999999999,0.0
977.4999999999999,0.0
977.7499999999999,0.0
977.9999999999999,0.0
978.2499999999999,0.0
978.4999999999999,0.0
978.7499999999999,0.0
978.9999999999999,0.0
979.2499999999999,0.0
979.4999999999999,0.0
979.7499999999999,0.0
979.9999999999999,0.0
980.2499999999999,0.0
980.4999999999999,0.0
980.7499999999999,0.0
980.9999999999999,0.0
981.2499999999999,0.0
981.4999999999999,0.0
981.7499999999999,0.0
981.9999999999999,0.0
982.2499999999999,0.0
982.4999999999999,0.0
982.7499999999999,0.0
982.9999999999999,0.0
983.2499999999999,0.0
983.4999999999999,0.0
983.7499999999999,0.0
983.9999999999999,0.0
984.2499999999999,0.0
984.4999999999999,0.0
984.7499999999999,0.0
984.9999999999999,0.0
985.2499999999999,0.0
985.4999999999999,0.0
985.7499999999999,0.0
985.9999999999999,0.0
986.2499999999999,0.0
986.4999999999999,0.0
986.7499999999999,0.0
986.9999999999999,0.0
987.2499999999999,0.0
987.4999999999999,0.0
987.7499999999999,0.0
987.9999999999999,0.0
988.2499999999999,0.0
988.4999999999999,0.0
988.7499999999999,0.0
988.9999999999999,0.0
989.2499999999999,0.0
989.4999999999999,0.0
989.7499999999999,0.0
989.9999999999999,0.0
990.2499999999999,0.0
990.4999999999999,0.0
990.7499999999999,0.0
990.9999999999999,0.0
991.2499999999999,0.0
991.4999999999999,0.0
991.7499999999999,0.0
991.9999999999999,0.0
992.2499999999999,0.0
992.4999999999999,0.0
992.7499999999999,0.0
992.9999999999999,0.0
993.2499999999999,0.0
993.4999999999999,0.0
993.7499999999999,0.0
993.9999999999999,0.0
994.2499999999999,0.0
994.4999999999999,0.0
994.7499999999999,0.0
994.9999999999999,0.0
995.2499999999999,0.0
995.4999999999999,0.0
995.7499999999999,0.0
995.9999999999999,0.0
996.2499999999999,0.0
996.4999999999999,0.0
996.7499999999999,0.0
996.9999999999999,0.0
997.2499999999999,0.0
997.4999999999999,0.0
997.7499999999999,0.0
997.9999999999999,0.0
998.2499999999999,0.0
998.4999999999999,0.0
998.7499999999999,0.0
998.9999999999999,0.0
999.2499999999999,0.0
999.4999999999999,0.0
999.7499999999999,0.0
1000.0,0.0
1000.25,0.0
1000.5,0.0
1000.75,0.0
1001.0,0.0
1001.25,0.0
1001.5,0.0
1001.75,0.0
1002.0,0.0
1002.25,0.0
1002.5,0.0
1002.75,0.0
1003.0,0.0
1003.25,0.0
1003.5,0.0
1003.75,0.0
1004.0,0.0
1004.25,0.0
1004.5,0.0
1004.75,0.0
1005.0,0.0
1005.25,0.0
1005.5,0.0
1005.75,0.0
1006.0,0.0
1006.25,0.0
1006.5,0.0
1006.75,0.0
1007.0,0.0
1007.25,0.0
1007.5,0.0
1007.75,0.0
1008.0,0.0
1008.25,0.0
1008.5,0.0
1008.75,0.0
1009.0,0.0
1009.25,0.0
1009.5,0.0
1009.75,0.0
1010.0,0.0
1010.25,0.0
1010.5,0.0
1010.75,0.0
1011.0,0.0
1011.25,0.0
1011.5,0.0
1011.75,0.0
1012.0,0.0
1012.25,0.0
1012.5,0.0
1012.75,0.0
1013.0,0.0
1013.25,0.0
1013.5,0.0
1013.75,0.0
1014.0,0.0
1014.25,0.0
1014.5,0.0
1014.75,0.0
1015.0,0.0
1015.25,0.0
1015.5,0.0
1015.75,0.0
1016.0,0.0
1016.25,0.0
1016.5,0.0
1016.75,0.0
1017.0,0.0
1017.25,0.0
1017.5,0.0
1017.75,0.0
1018.0,0.0
1018.25,0.0
1018.5,0.0
1018.75,0.0
1019.0,0.0
1019.25,0.0
1019.5,0.0
1019.75,0.0
1020.0,0.0
1020.25,0.0
1020.5,0.0
1020.75,0.0
1021.0,0.0
1021.25,0.0
1021.5,0.0
1021.75,0.0
1022.0,0.0
1022.25,0.0
1022.5,0.0
1022.75,0.0
1023.0,0.0
1023.25,0.0
1023.5,0.0
1023.75,0.0
1024.0,0.0
1024.25,0.0
1024.5,0.0
1024.75,0.0
1025.0,0.0
1025.25,0.0
1025.5,0.0
1025.75,0.0
1026.0,0.0
1026.25,0.0
1026.5,0.0
1026.75,0.0
1027.0,0.0
1027.25,0.0
1027.5,0.0
1027.75,0.0
1028.0,0.0
1028.25,0.0
1028.5,0.0
1028.75,0.0
1029.0,0.0
1029.25,0.0
1029.5,0.0
1029.75,0.0
1030.0,0.0
1030.25,0.0
1030.5,0.0
1030.75,0.0
1031.0,0.0
1031.25,0.0
1031.5,0.0
1031.75,0.0
1032.0,0.0
1032.25,0.0
1032.5,0.0
1032.75,0.0
1033.0,0.0
1033.25,0.0
1033.5,0.0
1033.75,0.0
1034.0,0.0
1034.25,0.0
1034.5,0.0
1034.75,0.0
1035.0,0.0
1035.25,0.0
1035.5,0.0
1035.75,0.0
1036.0,0.0
1036.25,0.0
1036.5,0.0
1036.75,0.0
1037.0,0.0
1037.25,0.0
1037.5,0.0
1037.75,0.0
1038.0,0.0
1038.25,0.0
1038.5,0.0
1038.75,0.0
1039.0,0.0
1039.25,0.0
1039.5,0.0
1039.75,0.0
1040.0,0.0
1040.25,0.0
1040.5,0.0
1040.75,0.0
1041.0,0.0
1041.25,0.0
1041.5,0.0
1041.75,0.0
1042.0,0.0
1042.25,0.0
1042.5,0.0
1042.75,0.0
1043.0,0.0
1043.25,0.0
1043.5,0.0
1043.75,0.0
1044.0,0.0
1044.25,0.0
1044.5,0.0
1044.75,0.0
1045.0,0.0
1045.25,0.0
1045.5,0.0
1045.75,0.0
1046.0,0.0
1046.25,0.0
1046.5,0.0
1046.75,0.0
1047.0,0.0
1047.25,0.0
1047.5,0.0
1047.75,0.0
1048.0,0.0
1048.25,0.0
1048.5,0.0
1048.75,0.0
1049.0,0.0
1049.25,0.0
1049.5,0.0
1049.75,0.0
1050.0,0.0
1050.25,0.0
1050.5,0.0
1050.75,0.0
1051.0,0.0
1051.25,0.0
1051.5,0.0
1051.75,0.0
1052.0,0.0
1052.25,0.0
1052.5,0.0
1052.75,0.0
1053.0,0.0
1053.25,0.0
1053.5,0.0
1053.75,0.0
1054.0,0.0
1054.25,0.0
1054.5,0.0
1054.75,0.0
1055.0,0.0
1055.25,0.0
1055.5,0.0
1055.75,0.0
1056.0,0.0
1056.25,0.0
1056.5,0.0
1056.75,0.0
1057.0,0.0
1057.25,0.0
1057.5,0.0
1057.75,0.0
1058.0,0.0
1058.25,0.0
1058.5,0.0
1058.75,0.0
1059.0,0.0
1059.25,0.0
1059.5,0.0
1059.75,0.0
1060.0,0.0
1060.25,0.0
1060.5,0.0
1060.75,0.0
1061.0,0.0
1061.25,0.0
1061.5,0.0
1061.75,0.0
1062.0,0.0
1062.25,0.0
1062.5,0.0
1062.75,0.0
1063.0,0.0
1063.25,0.0
1063.5,0.0
1063.75,0.0
1064.0,0.0
1064.25,0.0
1064.5,0.0
1064.75,0.0
1065.0,0.0
1065.25,0.0
1065.5,0.0
1065.75,0.0
1066.0,0.0
1066.25,0.0
1066.5,0.0
1066.75,0.0
1067.0,0.0
1067.25,0.0
1067.5,0.0
1067.75,0.0
1068.0,0.0
1068.25,0.0
1068.5,0.0
1068.75,0.0
1069.0,0.0
1069.25,0.0
1069.5,0.0
1069.75,0.0
1070.0,0.0
1070.25,0.0
1070.5,0.0
1070.75,0.0
1071.0,0.0
1071.25,0.0
1071.5,0.0
1071.75,0.0
1072.0,0.0
1072.25,0.0
1072.5,0.0
1072.75,0.0
1073.0,0.0
1073.25,0.0
1073.5,0.0
1073.75,0.0
1074.0,0.0
1074.25,0.0
1074.5,0.0
1074.75,0.0
1075.0,0.0
1075.25,0.0
1075.5,0.0
1075.75,0.0
1076.0,0.0
1076.25,0.0
1076.5,0.0
1076.75,0.0
1077.0,0.0
1077.25,0.0
1077.5,0.0
1077.75,0.0
1078.0,0.0
1078.25,0.0
1078.5,0.0
1078.75,0.0
1079.0,0.0
1079.25,0.0
1079.5,0.0
1079.75,0.0
1080.0,0.0
1080.25,0.0
1080.5,0.0
1080.75,0.0
1081.0,0.0
1081.25,0.0
1081.5,0.0
1081.75,0.0
1082.0,0.0
1082.25,0.0
1082.5,0.0
1082.75,0.0
1083.0,0.0
1083.25,0.0
1083.5,0.0
1083.75,0.0
1084.0,0.0
1084.25,0.0
1084.5,0.0
1084.75,0.0
1085.0,0.0
1085.25,0.0
1085.5,0.0
1085.75,0.0
1086.0,0.0
1086.25,0.0
1086.5,0.0
1086.75,0.0
1087.0,0.0
1087.25,0.0
1087.5,0.0
1087.75,0.0
1088.0,0.0
1088.25,0.0
1088.5,0.0
1088.75,0.0
1089.0,0.0
1089.25,0.0
1089.5,0.0
1089.75,0.0
1090.0,0.0
1090.25,0.0
1090.5,0.0
1090.75,0.0
1091.0,0.0
1091.25,0.0
1091.5,0.0
1091.75,0.0
1092.0,0.0
1092.25,0.0
1092.5,0.0
1092.75,0.0
1093.0,0.0
1093.25,0.0
1093.5,0.0
1093.75,0.0
1094.0,0.0
1094.25,0.0
1094.5,0.0
1094.75,0.0
1095.0,0.0
1095.25,0.0
1095.5,0.0
1095.75,0.0
1096.0,0.0
1096.25,0.0
1096.5,0.0
1096.75,0.0
1097.0,0.0
1097.25,0.0
1097.5,0.0
1097.75,0.0
1098.0,0.0
1098.25,0.0
1098.5,0.0
1098.75,0.0
1099.0,0.0
1099.25,0.0
1099.5,0.0
1099.75,0.0
1100.0,0.0
1100.25,0.0
1100.5,0.0
1100.75,0.0
1101.0,0.0
1101.25,0.0
1101.5,0.0
1101.75,0.0
1102.0,0.0
1102.25,0.0
1102.5,0.0
1102.75,0.0
1103.0,0.0
1103.25,0.0
1103.5,0.0
1103.75,0.0
1104.0,0.0
1104.25,0.0
1104.5,0.0
1104.75,0.0
1105.0,0.0
1105.25,0.0
1105.5,0.0
1105.75,0.0
1106.0,0.0
1106.25,0.0
1106.5,0.0
1106.75,0.0
1107.0,0.0
1107.25,0.0
1107.5,0.0
1107.75,0.0
1108.0,0.0
1108.25,0.0
1108.5,0.0
1108.75,0.0
1109.0,0.0
1109.25,0.0
1109.5,0.0
1109.75,0.0
1110.0,0.0
1110.25,0.0
1110.5,0.0
1110.75,0.0
1111.0,0.0
1111.25,0.0
1111.5,0.0
1111.75,0.0
1112.0,0.0
1112.25,0.0
1112.5,0.0
1112.75,0.0
1113.0,0.0
1113.25,0.0
1113.5,0.0
1113.75,0.0
1114.0,0.0
1114.25,0.0
1114.5,0.0
1114.75,0.0
1115.0,0.0
1115.25,0.0
1115.5,0.0
1115.75,0.0
1116.0,0.0
1116.25,0.0
1116.5,0.0
1116.75,0.0
1117.0,0.0
1117.25,0.0
1117.5,0.0
1117.75,0.0
1118.0,0.0
1118.25,0.0
1118.5,0.0
1118.75,0.0
1119.0,0.0
1119.25,0.0
1119.5,0.0
1119.75,0.0
1120.0,0.0
1120.25,0.0
1120.5,0.0
1120.75,0.0
1121.0,0.0
1121.25,0.0
1121.5,0.0
1121.75,0.0
1122.0,0.0
1122.25,0.0
1122.5,0.0
1122.75,0.0
1123.0,0.0
1123.25,0.0
1123.5,0.0
1123.75,0.0
1124.0,0.0
1124.25,0.0
1124.5,0.0
1124.75,0.0
1125.0,0.0
1125.25,0.0
1125.5,0.0
1125.75,0.0
1126.0,0.0
1126.25,0.0
1126.5,0.0
1126.75,0.0
1127.0,0.0
1127.0,0.0
1127.25,0.0
1127.5,0.0
1127.75,0.0
1128.0,0.0
1128.25,0.0
1128.5,0.0
1128.75,0.0
1129.0,0.0
1129.25,0.0
1129.5,0.0
1129.75,0.0
1130.0,0.0
1130.25,0.0
1130.5,0.0
1130.75,0.0
1131.0,0.0
1131.25,0.0
1131.5,0.0
1131.75,0.0
1132.0,0.0
1132.25,0.0
1132.5,0.0
1132.75,0.0
1133.0,0.0
1133.25,0.0
1133.5,0.0
1133.75,0.0
1134.0,0.0
1134.25,0.0
1134.5,0.0
1134.75,0.0
1135.0,0.0
1135.25,0.0
1135.5,0.0
1135.75,0.0
1136.0,0.0
1136.25,0.0
1136.5,0.0
1136.75,0.0
1137.0,0.0
1137.25,0.0
1137.5,0.0
1137.75,0.0
1138.0,0.0
1138.25,0.0
1138.5,0.0
1138.75,0.0
1139.0,0.0
1139.25,0.0
1139.5,0.0
1139.75,0.0
1140.0,0.0
1140.25,0.0
1140.5,0.0
1140.75,0.0
1141.0,0.0
1141.25,0.0
1141.5,0.0
1141.75,0.0
1142.0,0.0
1142.25,0.0
1142.5,0.0
1142.75,0.0
1143.0,0.0
1143.25,0.0
1143.5,0.0
1143.75,0.0
1144.0,0.0
1144.25,0.0
1144.5,0.0
1144.75,0.0
1145.0,0.0
1145.25,0.0
1145.5,0.0
1145.75,0.0
1146.0,0.0
1146.25,0.0
1146.5,0.0
1146.75,0.0
1147.0,0.0
1147.25,0.0
1147.5,0.0
1147.75,0.0
1148.0,0.0
1148.25,0.0
1148.5,0.0
1148.75,0.0
1149.0,0.0
1149.25,0.0
1149.5,0.0
1149.75,0.0
1150.0,0.0
1150.2500041666667,0.0
1150.5000333333332,0.0
1150.7501125,0.0
1151.0002666666667,0.0
1151.2505208333334,0.0
1151.5009,0.0
1151.7514291666666,0.0
1152.0021333333334,0.0
1152.2530375,0.0
1152.5041666666666,0.0
1152.7555458333334,0.0
1153.0072,0.0
1153.2591541666666,0.0
1153.5114333333333,0.0
1153.7640625,0.0
1154.0170666666668,0.0
1154.2704708333333,0.0
1154.5243,0.0
1154.7785791666668,0.0
1155.0333333333333,0.0
1155.2885875,0.0
1155.5443666666667,0.0
1155.8006958333333,0.0
1156.0576,0.0
1156.3151041666667,0.0
1156.5732333333333,0.0
1156.8320125,0.0
1157.0914666666667,0.0
1157.3516208333333,0.0
1157.6125,0.0
1157.8741291666668,0.0
1158.1365333333333,0.0
1158.3997375,0.0
1158.6637666666666,0.0
1158.9286458333333,0.0
1159.1944,0.0
1159.4610541666666,0.0
1159.7286333333334,0.0
1159.9971625,0.0
1160.2666666666667,0.0
1160.5371708333332,0.0
1160.8087,0.0
1161.0812791666667,0.0
1161.3549333333333,0.0
1161.6296875,0.0
1161.9055666666666,0.0
1162.1825958333334,0.0
1162.4608,0.0
1162.7402041666667,0.0
1163.0208333333333,0.0
1163.3027125,0.0
1163.5858666666666,0.0
1163.8703208333334,0.0
1164.1561,0.0
1164.4432291666667,0.0
1164.7317333333333,0.0
1165.0216375,0.0
1165.3129666666666,0.0
1165.6057458333332,0.0
1165.9,0.0
1166.1957541666666,0.0
1166.4930333333334,0.0
1166.7918625,0.0
1167.0922666666668,0.0
1167.3942708333334,0.0
1167.6979,0.0
1168.0031791666668,0.0
1168.3101333333334,0.0
1168.6187875,0.0
1168.9291666666666,0.0
1169.2412958333334,0.0
1169.5552,0.0
1169.8709041666666,0.0
1170.1884333333333,0.0
1170.5078125,0.0
1170.8290666666667,0.0
1171.1522208333333,0.0
1171.4773,0.0
1171.8043291666668,0.0
1172.1333333333334,0.0
1172.4643375,0.0
1172.7973666666667,0.0
1173.1324458333333,0.0
1173.4696,0.0
1173.8088541666666,0.0
1174.1502333333333,0.0
1174.4937625,0.0
1174.8394666666666,0.0
1175.1873708333333,0.0
1175.5375,0.0
1175.8898791666666,0.0
1176.2445333333333,0.0
1176.6014875,0.0
1176.9607666666666,0.0
1177.3223958333333,0.0
1177.6864,0.0
1178.0528041666666,0.0
1178.4216333333334,0.0
1178.7929125,0.0
1179.1666666666667,0.0
1179.5429083333333,0.0
1179.9216000000001,0.0
1180.3026916666668,0.0
1180.6861333333334,0.0
1181.071875,0.0
1181.4598666666668,0.0
1181.8500583333334,0.0
1182.2424,0.0
1182.6368416666667,0.0
1183.0333333333333,0.0
1183.4318250000001,0.0
1183.8322666666668,0.0
1184.2346083333334,0.0
1184.6388000000002,0.0
1185.0447916666667,0.0
1185.4525333333333,0.0
1185.861975,0.0
1186.2730666666666,0.0
1186.6857583333333,0.0
1187.1000000000001,0.0
1187.5157416666668,0.0
1187.9329333333335,0.0
1188.351525,0.0
1188.7714666666668,0.0
1189.1927083333335,0.0
1189.6152000000002,0.0
1190.0388916666668,0.0
1190.4637333333335,0.0
1190.8896750000001,0.0
1191.3166666666668,0.0
1191.7446583333335,0.0
1192.1736,0.0
1192.6034416666666,0.0
1193.0341333333333,0.0
1193.465625,0.0
1193.8978666666667,0.0
1194.3308083333334,0.0
1194.7644,0.0
1195.1985916666667,0.0
1195.6333333333334,0.0
1196.068575,0.0
1196.5042666666668,0.0
1196.9403583333335,0.0
1197.3768,0.0
1197.8135416666667,0.0
1198.2505333333334,0.0
1198.687725,0.0
1199.1250666666667,0.0
1199.5625083333334,0.0
1200.0,0.0
1200.4374916666668,0.0
1200.8749333333335,0.0
1201.312275,0.0
1201.7494666666666,0.0
1202.1864583333333,0.0
1202.6232,0.0
1203.0596416666667,0.0
1203.4957333333334,0.0
1203.931425,0.0
1204.3666666666668,0.0
1204.8014083333335,0.0
1205.2356,0.0
1205.6691916666668,0.0
1206.1021333333333,0.0
1206.5343750000002,0.0
1206.9658666666667,0.0
1207.3965583333334,0.0
1207.8264000000001,0.0
1208.2553416666667,0.0
1208.6833333333334,0.0
1209.110325,0.0
1209.5362666666667,0.0
1209.9611083333334,0.0
1210.3848,0.0
1210.8072916666667,0.0
1211.2285333333334,0.0
1211.6484750000002,0.0
1212.0670666666667,0.0
1212.4842583333334,0.0
1212.9,0.0
1213.3142416666667,0.0
1213.7269333333334,0.0
1214.1380250000002,0.0
1214.5474666666667,0.0
1214.9552083333335,0.0
1215.3612,0.0
1215.7653916666668,0.0
1216.1677333333334,0.0
1216.568175,0.0
1216.9666666666667,0.0
1217.3631583333333,0.0
1217.7576000000001,0.0
1218.1499416666668,0.0
1218.5401333333334,0.0
1218.9281250000001,0.0
1219.3138666666669,0.0
1219.6973083333335,0.0
1220.0784,0.0
1220.4570916666667,0.0
1220.8333333333333,0.0
1221.2070875,0.0
1221.5783666666666,0.0
1221.9471958333334,0.0
1222.3136,0.0
1222.6776041666667,0.0
1223.0392333333332,0.0
1223.3985125,0.0
1223.7554666666665,0.0
1224.1101208333332,0.0
1224.4624999999999,0.0
1224.8126291666665,0.0
1225.1605333333332,0.0
1225.5062375,0.0
1225.8497666666665,0.0
1226.1911458333332,0.0
1226.5303999999999,0.0
1226.8675541666667,0.0
1227.2026333333333,0.0
1227.5356625,0.0
1227.8666666666666,0.0
1228.1956708333332,0.0
1228.5227,0.0
1228.8477791666667,0.0
1229.1709333333333,0.0
1229.4921875,0.0
1229.8115666666665,0.0
1230.1290958333332,0.0
1230.4448,0.0
1230.7587041666666,0.0
1231.0708333333332,0.0
1231.3812125,0.0
1231.6898666666666,0.0
1231.9968208333332,0.0
1232.3020999999999,0.0
1232.6057291666666,0.0
1232.9077333333332,0.0
1233.2081375,0.0
1233.5069666666666,0.0
1233.8042458333332,0.0
1234.1,0.0
1234.3942541666665,0.0
1234.6870333333331,0.0
1234.9783625,0.0
1235.2682666666665,0.0
1235.5567708333333,0.0
1235.8438999999998,0.0
1236.1296791666666,0.0
1236.4141333333332,0.0
1236.6972875,0.0
1236.9791666666665,0.0
1237.2597958333333,0.0
1237.5392,0.0
1237.8174041666666,0.0
1238.0944333333332,0.0
1238.3703125,0.0
1238.6450666666665,0.0
1238.9187208333333,0.0
1239.1913,0.0
1239.4628291666666,0.0
1239.7333333333333,0.0
1240.0028375,0.0
1240.2713666666666,0.0
1240.5389458333332,0.0
1240.8056,0.0
1241.0713541666667,0.0
1241.3362333333332,0.0
1241.6002624999999,0.0
1241.8634666666667,0.0
1242.1258708333332,0.0
1242.3874999999998,0.0
1242.6483791666667,0.0
1242.9085333333333,0.0
1243.1679875,0.0
1243.4267666666665,0.0
1243.6848958333333,0.0
1243.9424,0.0
1244.1993041666667,0.0
1244.4556333333333,0.0
1244.7114124999998,0.0
1244.9666666666667,0.0
1245.2214208333332,0.0
1245.4757,0.0
1245.7295291666667,0.0
1245.9829333333332,0.0
1246.2359374999999,0.0
1246.4885666666667,0.0
1246.7408458333332,0.0
1246.9928,0.0
1247.2444541666666,0.0
1247.4958333333332,0.0
1247.7469624999999,0.0
1247.9978666666666,0.0
1248.2485708333334,0.0
1248.4991,0.0
1248.7494791666666,0.0
1248.9997333333333,0.0
1249.2498874999999,0.0
1249.4999666666665,0.0
1249.7499958333333,0.0
1250.0,0.0
1250.25,0.0
1250.5,0.0
1250.75,0.0
1251.0,0.0
1251.25,0.0
1251.5,0.0
1251.75,0.0
1252.0,0.0
1252.25,0.0
1252.5,0.0
1252.75,0.0
1253.0,0.0
1253.25,0.0
1253.5,0.0
1253.75,0.0
1254.0,0.0
1254.25,0.0
1254.5,0.0
1254.75,0.0
1255.0,0.0
1255.25,0.0
1255.5,0.0
1255.75,0.0
1256.0,0.0
1256.25,0.0
1256.5,0.0
1256.75,0.0
1257.0,0.0
1257.25,0.0
1257.5,0.0
1257.75,0.0
1258.0,0.0
1258.25,0.0
1258.5,0.0
1258.75,0.0
1259.0,0.0
1259.25,0.0
1259.5,0.0
1259.75,0.0
1260.0,0.0
1260.25,0.0
1260.5,0.0
1260.75,0.0
1261.0,0.0
1261.25,0.0
1261.5,0.0
1261.75,0.0
1262.0,0.0
1262.25,0.0
1262.5,0.0
1262.75,0.0
1263.0,0.0
1263.25,0.0
1263.5,0.0
1263.75,0.0
1264.0,0.0
1264.25,0.0
1264.5,0.0
1264.75,0.0
1265.0,0.0
1265.25,0.0
1265.5,0.0
1265.75,0.0
1266.0,0.0
1266.25,0.0
1266.5,0.0
1266.75,0.0
1267.0,0.0
1267.25,0.0
1267.5,0.0
1267.75,0.0
1268.0,0.0
1268.25,0.0
1268.5,0.0
1268.75,0.0
1269.0,0.0
1269.25,0.0
1269.5,0.0
1269.75,0.0
1270.0,0.0
1270.25,0.0
1270.5,0.0
1270.75,0.0
1271.0,0.0
1271.25,0.0
1271.5,0.0
1271.75,0.0
1272.0,0.0
1272.25,0.0
1272.5,0.0
1272.75,0.0
1273.0,0.0
1273.25,0.0
1273.5,0.0
1273.75,0.0
1274.0,0.0
1274.25,0.0
1274.5,0.0
1274.75,0.0
1275.0,0.0
1275.25,0.0
1275.5,0.0
1275.75,0.0
1276.0,0.0
1276.25,0.0
1276.5,0.0
1276.75,0.0
1277.0,0.0
1277.25,0.0
1277.5,0.0
1277.75,0.0
1278.0,0.0
1278.25,0.0
1278.5,0.0
1278.75,0.0
1279.0,0.0
1279.25,0.0
1279.5,0.0
1279.75,0.0
1280.0,0.0
1280.25,0.0
1280.5,0.0
1280.75,0.0
1281.0,0.0
1281.25,0.0
1281.5,0.0
1281.75,0.0
1282.0,0.0
1282.25,0.0
1282.5,0.0
1282.75,0.0
1283.0,0.0
1283.25,0.0
1283.5,0.0
1283.75,0.0
1284.0,0.0
1284.25,0.0
1284.5,0.0
1284.75,0.0
1285.0,0.0
1285.25,0.0
1285.5,0.0
1285.75,0.0
1286.0,0.0
1286.25,0.0
1286.5,0.0
1286.75,0.0
1287.0,0.0
1287.25,0.0
1287.5,0.0
1287.75,0.0
1288.0,0.0
1288.25,0.0
1288.5,0.0
1288.75,0.0
1289.0,0.0
1289.25,0.0
1289.5,0.0
1289.75,0.0
1290.0,0.0
1290.25,0.0
1290.5,0.0
1290.75,0.0
1291.0,0.0
1291.25,0.0
1291.5,0.0
1291.75,0.0
1292.0,0.0
1292.25,0.0
1292.5,0.0
1292.75,0.0
1293.0,0.0
1293.25,0.0
1293.5,0.0
1293.75,0.0
1294.0,0.0
1294.25,0.0
1294.5,0.0
1294.75,0.0
1295.0,0.0
1295.25,0.0
1295.5,0.0
1295.75,0.0
1296.0,0.0
1296.25,0.0
1296.5,0.0
1296.75,0.0
1297.0,0.0
1297.25,0.0
1297.5,0.0
1297.75,0.0
1298.0,0.0
1298.25,0.0
1298.5,0.0
1298.75,0.0
1299.0,0.0
1299.25,0.0
1299.5,0.0
1299.75,0.0
1299.9999999999998,0.0
1300.2499999999998,0.0
1300.4999999999998,0.0
1300.7499999999998,0.0
1300.9999999999998,0.0
1301.2499999999998,0.0
1301.4999999999998,0.0
1301.7499999999998,0.0
1301.9999999999998,0.0
1302.2499999999998,0.0
1302.4999999999998,0.0
1302.7499999999998,0.0
1302.9999999999998,0.0
1303.2499999999998,0.0
1303.4999999999998,0.0
1303.7499999999998,0.0
1303.9999999999998,0.0
1304.2499999999998,0.0
1304.4999999999998,0.0
1304.7499999999998,0.0
1304.9999999999998,0.0
1305.2499999999998,0.0
1305.4999999999998,0.0
1305.7499999999998,0.0
1305.9999999999998,0.0
1306.2499999999998,0.0
1306.4999999999998,0.0
1306.7499999999998,0.0
1306.9999999999998,0.0
1307.2499999999998,0.0
1307.4999999999998,0.0
1307.7499999999998,0.0
1307.9999999999998,0.0
1308.2499999999998,0.0
1308.4999999999998,0.0
1308.7499999999998,0.0
1308.9999999999998,0.0
1309.2499999999998,0.0
1309.4999999999998,0.0
1309.7499999999998,0.0
1309.9999999999998,0.0
1310.2499999999998,0.0
1310.4999999999998,0.0
1310.7499999999998,0.0
1310.9999999999998,0.0
1311.2499999999998,0.0
1311.4999999999998,0.0
1311.7499999999998,0.0
1311.9999999999998,0.0
1312.2499999999998,0.0
1312.4999999999998,0.0
1312.7499999999998,0.0
1312.9999999999998,0.0
1313.2499999999998,0.0
1313.4999999999998,0.0
1313.7499999999998,0.0
1313.9999999999998,0.0
1314.2499999999998,0.0
1314.4999999999998,0.0
1314.7499999999998,0.0
1314.9999999999998,0.0
1315.2499999999998,0.0
1315.4999999999998,0.0
1315.7499999999998,0.0
1315.9999999999998,0.0
1316.2499999999998,0.0
1316.4999999999998,0.0
1316.7499999999998,0.0
1316.9999999999998,0.0
1317.2499999999998,0.0
1317.4999999999998,0.0
1317.7499999999998,0.0
1317.9999999999998,0.0
1318.2499999999998,0.0
1318.4999999999998,0.0
1318.7499999999998,0.0
1318.9999999999998,0.0
1319.2499999999998,0.0
1319.4999999999998,0.0
1319.7499999999998,0.0
1319.9999999999998,0.0
1320.2499999999998,0.0
1320.4999999999998,0.0
1320.7499999999998,0.0
1320.9999999999998,0.0
1321.2499999999998,0.0
1321.4999999999998,0.0
1321.7499999999998,0.0
1321.9999999999998,0.0
1322.2499999999998,0.0
1322.4999999999998,0.0
1322.7499999999998,0.0
1322.9999999999998,0.0
1323.2499999999998,0.0
1323.4999999999998,0.0
1323.7499999999998,0.0
1323.9999999999998,0.0
1324.2499999999998,0.0
1324.4999999999998,0.0
1324.7499999999998,0.0
1325.0,0.0
1325.25,0.0
1325.5,0.0
1325.75,0.0
1326.0,0.0
1326.25,0.0
1326.5,0.0
1326.75,0.0
1327.0,0.0
1327.25,0.0
1327.5,0.0
1327.75,0.0
1328.0,0.0
1328.25,0.0
1328.5,0.0
1328.75,0.0
1329.0,0.0
1329.25,0.0
1329.5,0.0
1329.75,0.0
1330.0,0.0
1330.25,0.0
1330.5,0.0
1330.75,0.0
1331.0,0.0
1331.25,0.0
1331.5,0.0
1331.75,0.0
1332.0,0.0
1332.25,0.0
1332.5,0.0
1332.75,0.0
1333.0,0.0
1333.25,0.0
1333.5,0.0
1333.75,0.0
1334.0,0.0
1334.25,0.0
1334.5,0.0
1334.75,0.0
1335.0,0.0
1335.25,0.0
1335.5,0.0
1335.75,0.0
1336.0,0.0
1336.25,0.0
1336.5,0.0
1336.75,0.0
1337.0,0.0
1337.25,0.0
1337.5,0.0
1337.75,0.0
1338.0,0.0
1338.25,0.0
1338.5,0.0
1338.75,0.0
1339.0,0.0
1339.25,0.0
1339.5,0.0
1339.75,0.0
1340.0,0.0
1340.25,0.0
1340.5,0.0
1340.75,0.0
1341.0,0.0
1341.25,0.0
1341.5,0.0
1341.75,0.0
1342.0,0.0
1342.25,0.0
1342.5,0.0
1342.75,0.0
1343.0,0.0
1343.25,0.0
1343.5,0.0
1343.75,0.0
1344.0,0.0
1344.25,0.0
1344.5,0.0
1344.75,0.0
1345.0,0.0
1345.25,0.0
1345.5,0.0
1345.75,0.0
1346.0,0.0
1346.25,0.0
1346.5,0.0
1346.75,0.0
1347.0,0.0
1347.25,0.0
1347.5,0.0
1347.75,0.0
1348.0,0.0
1348.25,0.0
1348.5,0.0
1348.75,0.0
1349.0,0.0
1349.25,0.0
1349.5,0.0
1349.75,0.0
1350.0,0.0
1350.25,0.0
1350.5,0.0
1350.75,0.0
1351.0,0.0
1351.25,0.0
1351.5,0.0
1351.75,0.0
1352.0,0.0
1352.25,0.0
1352.5,0.0
1352.75,0.0
1353.0,0.0
1353.25,0.0
1353.5,0.0
1353.75,0.0
1354.0,0.0
1354.25,0.0
1354.5,0.0
1354.75,0.0
1355.0,0.0
1355.25,0.0
1355.5,0.0
1355.75,0.0
1356.0,0.0
1356.25,0.0
1356.5,0.0
1356.75,0.0
1357.0,0.0
1357.25,0.0
1357.5,0.0
1357.75,0.0
1358.0,0.0
1358.25,0.0
1358.5,0.0
1358.75,0.0
1359.0,0.0
1359.25,0.0
1359.5,0.0
1359.75,0.0
1360.0,0.0
1360.25,0.0
1360.5,0.0
1360.75,0.0
1361.0,0.0
1361.25,0.0
1361.5,0.0
1361.75,0.0
1362.0,0.0
1362.25,0.0
1362.5,0.0
1362.75,0.0
1363.0,0.0
1363.25,0.0
1363.5,0.0
1363.75,0.0
1364.0,0.0
1364.25,0.0
1364.5,0.0
1364.75,0.0
1365.0,0.0
1365.25,0.0
1365.5,0.0
1365.75,0.0
1366.0,0.0
1366.25,0.0
1366.5,0.0
1366.75,0.0
1367.0,0.0
1367.25,0.0
1367.5,0.0
1367.75,0.0
1368.0,0.0
1368.25,0.0
1368.5,0.0
1368.75,0.0
1369.0,0.0
1369.25,0.0
1369.5,0.0
1369.75,0.0
1370.0,0.0
1370.25,0.0
1370.5,0.0
1370.75,0.0
1371.0,0.0
1371.25,0.0
1371.5,0.0
1371.75,0.0
1372.0,0.0
1372.25,0.0
1372.5,0.0
1372.75,0.0
1373.0,0.0
1373.25,0.0
1373.5,0.0
1373.75,0.0
1374.0,0.0
1374.25,0.0
1374.5,0.0
1374.75,0.0
1374.9999999999998,0.0
1375.2499999999998,0.0
1375.4999999999998,0.0
1375.7499999999998,0.0
1375.9999999999998,0.0
1376.2499999999998,0.0
1376.4999999999998,0.0
1376.7499999999998,0.0
1376.9999999999998,0.0
1377.2499999999998,0.0
1377.4999999999998,0.0
1377.7499999999998,0.0
1377.9999999999998,0.0
1378.2499999999998,0.0
1378.4999999999998,0.0
1378.7499999999998,0.0
1378.9999999999998,0.0
1379.2499999999998,0.0
1379.4999999999998,0.0
1379.7499999999998,0.0
1379.9999999999998,0.0
1380.2499999999998,0.0
1380.4999999999998,0.0
1380.7499999999998,0.0
1380.9999999999998,0.0
1381.2499999999998,0.0
1381.4999999999998,0.0
1381.7499999999998,0.0
1381.9999999999998,0.0
1382.2499999999998,0.0
1382.4999999999998,0.0
1382.7499999999998,0.0
1382.9999999999998,0.0
1383.2499999999998,0.0
1383.4999999999998,0.0
1383.7499999999998,0.0
1383.9999999999998,0.0
1384.2499999999998,0.0
1384.4999999999998,0.0
1384.7499999999998,0.0
1384.9999999999998,0.0
1385.2499999999998,0.0
1385.4999999999998,0.0
1385.7499999999998,0.0
1385.9999999999998,0.0
1386.2499999999998,0.0
1386.4999999999998,0.0
1386.7499999999998,0.0
1386.9999999999998,0.0
1387.2499999999998,0.0
1387.4999999999998,0.0
1387.7499999999998,0.0
1387.9999999999998,0.0
1388.2499999999998,0.0
1388.4999999999998,0.0
1388.7499999999998,0.0
1388.9999999999998,0.0
1389.2499999999998,0.0
1389.4999999999998,0.0
1389.7499999999998,0.0
1389.9999999999998,0.0
1390.2499999999998,0.0
1390.4999999999998,0.0
1390.7499999999998,0.0
1390.9999999999998,0.0
1391.2499999999998,0.0
1391.4999999999998,0.0
1391.7499999999998,0.0
1391.9999999999998,0.0
1392.2499999999998,0.0
1392.4999999999998,0.0
1392.7499999999998,0.0
1392.9999999999998,0.0
1393.2499999999998,0.0
1393.4999999999998,0.0
1393.7499999999998,0.0
1393.9999999999998,0.0
1394.2499999999998,0.0
1394.4999999999998,0.0
1394.7499999999998,0.0
1394.9999999999998,0.0
1395.2499999999998,0.0
1395.4999999999998,0.0
1395.7499999999998,0.0
1395.9999999999998,0.0
1396.2499999999998,0.0
1396.4999999999998,0.0
1396.7499999999998,0.0
1396.9999999999998,0.0
1397.2499999999998,0.0
1397.4999999999998,0.0
1397.7499999999998,0.0
1397.9999999999998,0.0
1398.2499999999998,0.0
1398.4999999999998,0.0
1398.7499999999998,0.0
1398.9999999999998,0.0
1399.2499999999998,0.0
1399.4999999999998,0.0
1399.7499999999998,0.0
1400.0,0.0
1400.25,0.0
1400.5,0.0
1400.75,0.0
1401.0,0.0
1401.25,0.0
1401.5,0.0
1401.75,0.0
1402.0,0.0
1402.25,0.0
1402.5,0.0
1402.75,0.0
1403.0,0.0
1403.25,0.0
1403.5,0.0
1403.75,0.0
1404.0,0.0
1404.25,0.0
1404.5,0.0
1404.75,0.0
1405.0,0.0
1405.25,0.0
1405.5,0.0
1405.75,0.0
1406.0,0.0
1406.25,0.0
1406.5,0.0
1406.75,0.0
1407.0,0.0
1407.25,0.0
1407.5,0.0
1407.75,0.0
1408.0,0.0
1408.25,0.0
1408.5,0.0
1408.75,0.0
1409.0,0.0
1409.25,0.0
1409.5,0.0
1409.75,0.0
1410.0,0.0
1410.25,0.0
1410.5,0.0
1410.75,0.0
1411.0,0.0
1411.25,0.0
1411.5,0.0
1411.75,0.0
1412.0,0.0
1412.25,0.0
1412.5,0.0
1412.75,0.0
1413.0,0.0
1413.25,0.0
1413.5,0.0
1413.75,0.0
1414.0,0.0
1414.25,0.0
1414.5,0.0
1414.75,0.0
1415.0,0.0
1415.25,0.0
1415.5,0.0
1415.75,0.0
1416.0,0.0
1416.25,0.0
1416.5,0.0
1416.75,0.0
1417.0,0.0
1417.25,0.0
1417.5,0.0
1417.75,0.0
1418.0,0.0
1418.25,0.0
1418.5,0.0
1418.75,0.0
1419.0,0.0
1419.25,0.0
1419.5,0.0
1419.75,0.0
1420.0,0.0
1420.25,0.0
1420.5,0.0
1420.75,0.0
1421.0,0.0
1421.25,0.0
1421.5,0.0
1421.75,0.0
1422.0,0.0
1422.25,0.0
1422.5,0.0
1422.75,0.0
1423.0,0.0
1423.25,0.0
1423.5,0.0
1423.75,0.0
1424.0,0.0
1424.25,0.0
1424.5,0.0
1424.75,0.0
1425.0,0.0
1425.25,0.0
1425.5,0.0
1425.75,0.0
1426.0,0.0
1426.25,0.0
1426.5,0.0
1426.75,0.0
1427.0,0.0
1427.25,0.0
1427.5,0.0
1427.75,0.0
1428.0,0.0
1428.25,0.0
1428.5,0.0
1428.75,0.0
1429.0,0.0
1429.25,0.0
1429.5,0.0
1429.75,0.0
1430.0,0.0
1430.25,0.0
1430.5,0.0
1430.75,0.0
1431.0,0.0
1431.25,0.0
1431.5,0.0
1431.75,0.0
1432.0,0.0
1432.25,0.0
1432.5,0.0
1432.75,0.0
1433.0,0.0
1433.25,0.0
1433.5,0.0
1433.75,0.0
1434.0,0.0
1434.25,0.0
1434.5,0.0
1434.75,0.0
1435.0,0.0
1435.25,0.0
1435.5,0.0
1435.75,0.0
1436.0,0.0
1436.25,0.0
1436.5,0.0
1436.75,0.0
1437.0,0.0
1437.25,0.0
1437.5,0.0
1437.75,0.0
1438.0,0.0
1438.25,0.0
1438.5,0.0
1438.75,0.0
1439.0,0.0
1439.25,0.0
1439.5,0.0
1439.75,0.0
1440.0,0.0
1440.25,0.0
1440.5,0.0
1440.75,0.0
1441.0,0.0
1441.25,0.0
1441.5,0.0
1441.75,0.0
1442.0,0.0
1442.25,0.0
1442.5,0.0
1442.75,0.0
1443.0,0.0
1443.25,0.0
1443.5,0.0
1443.75,0.0
1444.0,0.0
1444.25,0.0
1444.5,0.0
1444.75,0.0
1445.0,0.0
1445.25,0.0
1445.5,0.0
1445.75,0.0
1446.0,0.0
1446.25,0.0
1446.5,0.0
1446.75,0.0
1447.0,0.0
1447.25,0.0
1447.5,0.0
1447.75,0.0
1448.0,0.0
1448.25,0.0
1448.5,0.0
1448.75,0.0
1449.0,0.0
1449.25,0.0
1449.5,0.0
1449.75,0.0
1449.9999999999998,0.0
1450.2499999999998,0.0
1450.4999999999998,0.0
1450.7499999999998,0.0
1450.9999999999998,0.0
1451.2499999999998,0.0
1451.4999999999998,0.0
1451.7499999999998,0.0
1451.9999999999998,0.0
1452.2499999999998,0.0
1452.4999999999998,0.0
1452.7499999999998,0.0
1452.9999999999998,0.0
1453.2499999999998,0.0
1453.4999999999998,0.0
1453.7499999999998,0.0
1453.9999999999998,0.0
1454.2499999999998,0.0
1454.4999999999998,0.0
1454.7499999999998,0.0
1454.9999999999998,0.0
1455.2499999999998,0.0
1455.4999999999998,0.0
1455.7499999999998,0.0
1455.9999999999998,0.0
1456.2499999999998,0.0
1456.4999999999998,0.0
1456.7499999999998,0.0
1456.9999999999998,0.0
1457.2499999999998,0.0
1457.4999999999998,0.0
1457.7499999999998,0.0
1457.9999999999998,0.0
1458.2499999999998,0.0
1458.4999999999998,0.0
1458.7499999999998,0.0
1458.9999999999998,0.0
1459.2499999999998,0.0
1459.4999999999998,0.0
1459.7499999999998,0.0
1459.9999999999998,0.0
1460.2499999999998,0.0
1460.4999999999998,0.0
1460.7499999999998,0.0
1460.9999999999998,0.0
1461.2499999999998,0.0
1461.4999999999998,0.0
1461.7499999999998,0.0
1461.9999999999998,0.0
1462.2499999999998,0.0
1462.4999999999998,0.0
1462.7499999999998,0.0
1462.9999999999998,0.0
1463.2499999999998,0.0
1463.4999999999998,0.0
1463.7499999999998,0.0
1463.9999999999998,0.0
1464.2499999999998,0.0
1464.4999999999998,0.0
1464.7499999999998,0.0
1464.9999999999998,0.0
1465.2499999999998,0.0
1465.4999999999998,0.0
1465.7499999999998,0.0
1465.9999999999998,0.0
1466.2499999999998,0.0
1466.4999999999998,0.0
1466.7499999999998,0.0
1466.9999999999998,0.0
1467.2499999999998,0.0
1467.4999999999998,0.0
1467.7499999999998,0.0
1467.9999999999998,0.0
1468.2499999999998,0.0
1468.4999999999998,0.0
1468.7499999999998,0.0
1468.9999999999998,0.0
1469.2499999999998,0.0
1469.4999999999998,0.0
1469.7499999999998,0.0
1469.9999999999998,0.0
1470.2499999999998,0.0
1470.4999999999998,0.0
1470.7499999999998,0.0
1470.9999999999998,0.0
1471.2499999999998,0.0
1471.4999999999998,0.0
1471.7499999999998,0.0
1471.9999999999998,0.0
1472.2499999999998,0.0
1472.4999999999998,0.0
1472.7499999999998,0.0
1472.9999999999998,0.0
1473.2499999999998,0.0
1473.4999999999998,0.0
1473.7499999999998,0.0
1473.9999999999998,0.0
1474.2499999999998,0.0
1474.4999999999998,0.0
1474.7499999999998,0.0
1475.0,0.0
1475.25,0.0
1475.5,0.0
1475.75,0.0
1476.0,0.0
1476.25,0.0
1476.5,0.0
1476.75,0.0
1477.0,0.0
1477.25,0.0
1477.5,0.0
1477.75,0.0
1478.0,0.0
1478.25,0.0
1478.5,0.0
1478.75,0.0
1479.0,0.0
1479.25,0.0
1479.5,0.0
1479.75,0.0
1480.0,0.0
1480.25,0.0
1480.5,0.0
1480.75,0.0
1481.0,0.0
1481.25,0.0
1481.5,0.0
1481.75,0.0
1482.0,0.0
1482.25,0.0
1482.5,0.0
1482.75,0.0
1483.0,0.0
1483.25,0.0
1483.5,0.0
1483.75,0.0
1484.0,0.0
1484.25,0.0
1484.5,0.0
1484.75,0.0
1485.0,0.0
1485.25,0.0
1485.5,0.0
1485.75,0.0
1486.0,0.0
1486.25,0.0
1486.5,0.0
1486.75,0.0
1487.0,0.0
1487.25,0.0
1487.5,0.0
1487.75,0.0
1488.0,0.0
1488.25,0.0
1488.5,0.0
1488.75,0.0
1489.0,0.0
1489.25,0.0
1489.5,0.0
1489.75,0.0
1490.0,0.0
1490.25,0.0
1490.5,0.0
1490.75,0.0
1491.0,0.0
1491.25,0.0
1491.5,0.0
1491.75,0.0
1492.0,0.0
1492.25,0.0
1492.5,0.0
1492.75,0.0
1493.0,0.0
1493.25,0.0
1493.5,0.0
1493.75,0.0
1494.0,0.0
1494.25,0.0
1494.5,0.0
1494.75,0.0
1495.0,0.0
1495.25,0.0
1495.5,0.0
1495.75,0.0
1496.0,0.0
1496.25,0.0
1496.5,0.0
1496.75,0.0
1497.0,0.0
1497.25,0.0
1497.5,0.0
1497.75,0.0
1498.0,0.0
1498.25,0.0
1498.5,0.0
1498.75,0.0
1499.0,0.0
1499.25,0.0
1499.5,0.0
1499.75,0.0
1500.0,0.0
1500.25,0.0
1500.5,0.0
1500.75,0.0
1501.0,0.0
1501.25,0.0
1501.5,0.0
1501.75,0.0
1502.0,0.0
1502.25,0.0
1502.5,0.0
1502.75,0.0
1503.0,0.0
1503.25,0.0
1503.5,0.0
1503.75,0.0
1504.0,0.0
1504.25,0.0
1504.5,0.0
1504.75,0.0
1505.0,0.0
1505.25,0.0
1505.5,0.0
1505.75,0.0
1506.0,0.0
1506.25,0.0
1506.5,0.0
1506.75,0.0
1507.0,0.0
1507.25,0.0
1507.5,0.0
1507.75,0.0
1508.0,0.0
1508.25,0.0
1508.5,0.0
1508.75,0.0
1509.0,0.0
1509.25,0.0
1509.5,0.0
1509.75,0.0
1510.0,0.0
1510.25,0.0
1510.5,0.0
1510.75,0.0
1511.0,0.0
1511.25,0.0
1511.5,0.0
1511.75,0.0
1512.0,0.0
1512.25,0.0
1512.5,0.0
1512.75,0.0
1513.0,0.0
1513.25,0.0
1513.5,0.0
1513.75,0.0
1514.0,0.0
1514.25,0.0
1514.5,0.0
1514.75,0.0
1515.0,0.0
1515.25,0.0
1515.5,0.0
1515.75,0.0
1516.0,0.0
1516.25,0.0
1516.5,0.0
1516.75,0.0
1517.0,0.0
1517.25,0.0
1517.5,0.0
1517.75,0.0
1518.0,0.0
1518.25,0.0
1518.5,0.0
1518.75,0.0
1519.0,0.0
1519.25,0.0
1519.5,0.0
1519.75,0.0
1520.0,0.0
1520.25,0.0
1520.5,0.0
1520.75,0.0
1521.0,0.0
1521.25,0.0
1521.5,0.0
1521.75,0.0
1522.0,0.0
1522.25,0.0
1522.5,0.0
1522.75,0.0
1523.0,0.0
1523.25,0.0
1523.5,0.0
1523.75,0.0
1524.0,0.0
1524.25,0.0
1524.5,0.0
1524.75,0.0
1524.9999999999998,0.0
1525.2499999999998,0.0
1525.4999999999998,0.0
1525.7499999999998,0.0
1525.9999999999998,0.0
1526.2499999999998,0.0
1526.4999999999998,0.0
1526.7499999999998,0.0
1526.9999999999998,0.0
1527.2499999999998,0.0
1527.4999999999998,0.0
1527.7499999999998,0.0
1527.9999999999998,0.0
1528.2499999999998,0.0
1528.4999999999998,0.0
1528.7499999999998,0.0
1528.9999999999998,0.0
1529.2499999999998,0.0
1529.4999999999998,0.0
1529.7499999999998,0.0
1529.9999999999998,0.0
1530.2499999999998,0.0
1530.4999999999998,0.0
1530.7499999999998,0.0
1530.9999999999998,0.0
1531.2499999999998,0.0
1531.4999999999998,0.0
1531.7499999999998,0.0
1531.9999999999998,0.0
1532.2499999999998,0.0
1532.4999999999998,0.0
1532.7499999999998,0.0
1532.9999999999998,0.0
1533.2499999999998,0.0
1533.4999999999998,0.0
1533.7499999999998,0.0
1533.9999999999998,0.0
1534.2499999999998,0.0
1534.4999999999998,0.0
1534.7499999999998,0.0
1534.9999999999998,0.0
1535.2499999999998,0.0
1535.4999999999998,0.0
1535.7499999999998,0.0
1535.9999999999998,0.0
1536.2499999999998,0.0
1536.4999999999998,0.0
1536.7499999999998,0.0
1536.9999999999998,0.0
1537.2499999999998,0.0
1537.4999999999998,0.0
1537.7499999999998,0.0
1537.9999999999998,0.0
1538.2499999999998,0.0
1538.4999999999998,0.0
1538.7499999999998,0.0
1538.9999999999998,0.0
1539.2499999999998,0.0
1539.4999999999998,0.0
1539.7499999999998,0.0
1539.9999999999998,0.0
1540.2499999999998,0.0
1540.4999999999998,0.0
1540.7499999999998,0.0
1540.9999999999998,0.0
1541.2499999999998,0.0
1541.4999999999998,0.0
1541.7499999999998,0.0
1541.9999999999998,0.0
1542.2499999999998,0.0
1542.4999999999998,0.0
1542.7499999999998,0.0
1542.9999999999998,0.0
1543.2499999999998,0.0
1543.4999999999998,0.0
1543.7499999999998,0.0
1543.9999999999998,0.0
1544.2499999999998,0.0
1544.4999999999998,0.0
1544.7499999999998,0.0
1544.9999999999998,0.0
1545.2499999999998,0.0
1545.4999999999998,0.0
1545.7499999999998,0.0
1545.9999999999998,0.0
1546.2499999999998,0.0
1546.4999999999998,0.0
1546.7499999999998,0.0
1546.9999999999998,0.0
1547.2499999999998,0.0
1547.4999999999998,0.0
1547.7499999999998,0.0
1547.9999999999998,0.0
1548.2499999999998,0.0
1548.4999999999998,0.0
1548.7499999999998,0.0
1548.9999999999998,0.0
1549.2499999999998,0.0
1549.4999999999998,0.0
1549.7499999999998,0.0
